This is pdfTeX, Version 3.141592653-2.6-1.40.28 (TeX Live 2025) (preloaded format=pdflatex 2026.2.16)  16 FEB 2026 18:43
entering extended mode
 restricted \write18 enabled.
 %&-line parsing enabled.
**main.tex
(./main.tex
LaTeX2e <2025-11-01>
L3 programming layer <2026-01-19>
(/Users/alnourkhalifa/Library/TinyTeX/texmf-dist/tex/latex/base/book.cls
Document Class: book 2025/01/22 v1.4n Standard LaTeX document class
(/Users/alnourkhalifa/Library/TinyTeX/texmf-dist/tex/latex/base/bk11.clo
File: bk11.clo 2025/01/22 v1.4n Standard LaTeX file (size option)
)
\c@part=\count275
\c@chapter=\count276
\c@section=\count277
\c@subsection=\count278
\c@subsubsection=\count279
\c@paragraph=\count280
\c@subparagraph=\count281
\c@figure=\count282
\c@table=\count283
\abovecaptionskip=\skip49
\belowcaptionskip=\skip50
\bibindent=\dimen148
) (./preamble.tex (/Users/alnourkhalifa/Library/TinyTeX/texmf-dist/tex/latex/base/inputenc.sty
Package: inputenc 2024/02/08 v1.3d Input encoding file
\inpenc@prehook=\toks17
\inpenc@posthook=\toks18
) (/Users/alnourkhalifa/Library/TinyTeX/texmf-dist/tex/latex/base/fontenc.sty
Package: fontenc 2025/07/18 v2.1d Standard LaTeX package
) (/Users/alnourkhalifa/Library/TinyTeX/texmf-dist/tex/latex/lm/lmodern.sty
Package: lmodern 2015/05/01 v1.6.1 Latin Modern Fonts
LaTeX Font Info:    Overwriting symbol font `operators' in version `normal'
(Font)                  OT1/cmr/m/n --> OT1/lmr/m/n on input line 22.
LaTeX Font Info:    Overwriting symbol font `letters' in version `normal'
(Font)                  OML/cmm/m/it --> OML/lmm/m/it on input line 23.
LaTeX Font Info:    Overwriting symbol font `symbols' in version `normal'
(Font)                  OMS/cmsy/m/n --> OMS/lmsy/m/n on input line 24.
LaTeX Font Info:    Overwriting symbol font `largesymbols' in version `normal'
(Font)                  OMX/cmex/m/n --> OMX/lmex/m/n on input line 25.
LaTeX Font Info:    Overwriting symbol font `operators' in version `bold'
(Font)                  OT1/cmr/bx/n --> OT1/lmr/bx/n on input line 26.
LaTeX Font Info:    Overwriting symbol font `letters' in version `bold'
(Font)                  OML/cmm/b/it --> OML/lmm/b/it on input line 27.
LaTeX Font Info:    Overwriting symbol font `symbols' in version `bold'
(Font)                  OMS/cmsy/b/n --> OMS/lmsy/b/n on input line 28.
LaTeX Font Info:    Overwriting symbol font `largesymbols' in version `bold'
(Font)                  OMX/cmex/m/n --> OMX/lmex/m/n on input line 29.
LaTeX Font Info:    Overwriting math alphabet `\mathbf' in version `normal'
(Font)                  OT1/cmr/bx/n --> OT1/lmr/bx/n on input line 31.
LaTeX Font Info:    Overwriting math alphabet `\mathsf' in version `normal'
(Font)                  OT1/cmss/m/n --> OT1/lmss/m/n on input line 32.
LaTeX Font Info:    Overwriting math alphabet `\mathit' in version `normal'
(Font)                  OT1/cmr/m/it --> OT1/lmr/m/it on input line 33.
LaTeX Font Info:    Overwriting math alphabet `\mathtt' in version `normal'
(Font)                  OT1/cmtt/m/n --> OT1/lmtt/m/n on input line 34.
LaTeX Font Info:    Overwriting math alphabet `\mathbf' in version `bold'
(Font)                  OT1/cmr/bx/n --> OT1/lmr/bx/n on input line 35.
LaTeX Font Info:    Overwriting math alphabet `\mathsf' in version `bold'
(Font)                  OT1/cmss/bx/n --> OT1/lmss/bx/n on input line 36.
LaTeX Font Info:    Overwriting math alphabet `\mathit' in version `bold'
(Font)                  OT1/cmr/bx/it --> OT1/lmr/bx/it on input line 37.
LaTeX Font Info:    Overwriting math alphabet `\mathtt' in version `bold'
(Font)                  OT1/cmtt/m/n --> OT1/lmtt/m/n on input line 38.
) (/Users/alnourkhalifa/Library/TinyTeX/texmf-dist/tex/latex/geometry/geometry.sty
Package: geometry 2020/01/02 v5.9 Page Geometry
 (/Users/alnourkhalifa/Library/TinyTeX/texmf-dist/tex/latex/graphics/keyval.sty
Package: keyval 2022/05/29 v1.15 key=value parser (DPC)
\KV@toks@=\toks19
) (/Users/alnourkhalifa/Library/TinyTeX/texmf-dist/tex/generic/iftex/ifvtex.sty
Package: ifvtex 2019/10/25 v1.7 ifvtex legacy package. Use iftex instead.
 (/Users/alnourkhalifa/Library/TinyTeX/texmf-dist/tex/generic/iftex/iftex.sty
Package: iftex 2024/12/12 v1.0g TeX engine tests
))
\Gm@cnth=\count284
\Gm@cntv=\count285
\c@Gm@tempcnt=\count286
\Gm@bindingoffset=\dimen149
\Gm@wd@mp=\dimen150
\Gm@odd@mp=\dimen151
\Gm@even@mp=\dimen152
\Gm@layoutwidth=\dimen153
\Gm@layoutheight=\dimen154
\Gm@layouthoffset=\dimen155
\Gm@layoutvoffset=\dimen156
\Gm@dimlist=\toks20
) (/Users/alnourkhalifa/Library/TinyTeX/texmf-dist/tex/latex/graphics/graphicx.sty
Package: graphicx 2024/12/31 v1.2e Enhanced LaTeX Graphics (DPC,SPQR)
 (/Users/alnourkhalifa/Library/TinyTeX/texmf-dist/tex/latex/graphics/graphics.sty
Package: graphics 2024/08/06 v1.4g Standard LaTeX Graphics (DPC,SPQR)
 (/Users/alnourkhalifa/Library/TinyTeX/texmf-dist/tex/latex/graphics/trig.sty
Package: trig 2023/12/02 v1.11 sin cos tan (DPC)
) (/Users/alnourkhalifa/Library/TinyTeX/texmf-dist/tex/latex/graphics-cfg/graphics.cfg
File: graphics.cfg 2016/06/04 v1.11 sample graphics configuration
)
Package graphics Info: Driver file: pdftex.def on input line 106.
 (/Users/alnourkhalifa/Library/TinyTeX/texmf-dist/tex/latex/graphics-def/pdftex.def
File: pdftex.def 2025/09/29 v1.2d Graphics/color driver for pdftex
))
\Gin@req@height=\dimen157
\Gin@req@width=\dimen158
) (/Users/alnourkhalifa/Library/TinyTeX/texmf-dist/tex/latex/xcolor/xcolor.sty
Package: xcolor 2024/09/29 v3.02 LaTeX color extensions (UK)
 (/Users/alnourkhalifa/Library/TinyTeX/texmf-dist/tex/latex/graphics-cfg/color.cfg
File: color.cfg 2016/01/02 v1.6 sample color configuration
)
Package xcolor Info: Driver file: pdftex.def on input line 274.
 (/Users/alnourkhalifa/Library/TinyTeX/texmf-dist/tex/latex/graphics/mathcolor.ltx)
Package xcolor Info: Model `cmy' substituted by `cmy0' on input line 1349.
Package xcolor Info: Model `hsb' substituted by `rgb' on input line 1353.
Package xcolor Info: Model `RGB' extended on input line 1365.
Package xcolor Info: Model `HTML' substituted by `rgb' on input line 1367.
Package xcolor Info: Model `Hsb' substituted by `hsb' on input line 1368.
Package xcolor Info: Model `tHsb' substituted by `hsb' on input line 1369.
Package xcolor Info: Model `HSB' substituted by `hsb' on input line 1370.
Package xcolor Info: Model `Gray' substituted by `gray' on input line 1371.
Package xcolor Info: Model `wave' substituted by `hsb' on input line 1372.
) (/Users/alnourkhalifa/Library/TinyTeX/texmf-dist/tex/latex/hyperref/hyperref.sty
Package: hyperref 2026-01-29 v7.01p Hypertext links for LaTeX
 (/Users/alnourkhalifa/Library/TinyTeX/texmf-dist/tex/latex/kvsetkeys/kvsetkeys.sty
Package: kvsetkeys 2022-10-05 v1.19 Key value parser (HO)
) (/Users/alnourkhalifa/Library/TinyTeX/texmf-dist/tex/generic/kvdefinekeys/kvdefinekeys.sty
Package: kvdefinekeys 2019-12-19 v1.6 Define keys (HO)
) (/Users/alnourkhalifa/Library/TinyTeX/texmf-dist/tex/generic/pdfescape/pdfescape.sty
Package: pdfescape 2019/12/09 v1.15 Implements pdfTeX's escape features (HO)
 (/Users/alnourkhalifa/Library/TinyTeX/texmf-dist/tex/generic/ltxcmds/ltxcmds.sty
Package: ltxcmds 2023-12-04 v1.26 LaTeX kernel commands for general use (HO)
) (/Users/alnourkhalifa/Library/TinyTeX/texmf-dist/tex/generic/pdftexcmds/pdftexcmds.sty
Package: pdftexcmds 2020-06-27 v0.33 Utility functions of pdfTeX for LuaTeX (HO)
 (/Users/alnourkhalifa/Library/TinyTeX/texmf-dist/tex/generic/infwarerr/infwarerr.sty
Package: infwarerr 2019/12/03 v1.5 Providing info/warning/error messages (HO)
)
Package pdftexcmds Info: \pdf@primitive is available.
Package pdftexcmds Info: \pdf@ifprimitive is available.
Package pdftexcmds Info: \pdfdraftmode found.
)) (/Users/alnourkhalifa/Library/TinyTeX/texmf-dist/tex/latex/hycolor/hycolor.sty
Package: hycolor 2020-01-27 v1.10 Color options for hyperref/bookmark (HO)
) (/Users/alnourkhalifa/Library/TinyTeX/texmf-dist/tex/latex/hyperref/nameref.sty
Package: nameref 2026-01-29 v2.58 Cross-referencing by name of section
 (/Users/alnourkhalifa/Library/TinyTeX/texmf-dist/tex/latex/refcount/refcount.sty
Package: refcount 2019/12/15 v3.6 Data extraction from label references (HO)
) (/Users/alnourkhalifa/Library/TinyTeX/texmf-dist/tex/generic/gettitlestring/gettitlestring.sty
Package: gettitlestring 2019/12/15 v1.6 Cleanup title references (HO)
 (/Users/alnourkhalifa/Library/TinyTeX/texmf-dist/tex/latex/kvoptions/kvoptions.sty
Package: kvoptions 2022-06-15 v3.15 Key value format for package options (HO)
))
\c@section@level=\count287
) (/Users/alnourkhalifa/Library/TinyTeX/texmf-dist/tex/latex/etoolbox/etoolbox.sty
Package: etoolbox 2025/10/02 v2.5m e-TeX tools for LaTeX (JAW)
\etb@tempcnta=\count288
) (/Users/alnourkhalifa/Library/TinyTeX/texmf-dist/tex/generic/stringenc/stringenc.sty
Package: stringenc 2019/11/29 v1.12 Convert strings between diff. encodings (HO)
)
\@linkdim=\dimen159
\Hy@linkcounter=\count289
\Hy@pagecounter=\count290
 (/Users/alnourkhalifa/Library/TinyTeX/texmf-dist/tex/latex/hyperref/pd1enc.def
File: pd1enc.def 2026-01-29 v7.01p Hyperref: PDFDocEncoding definition (HO)
Now handling font encoding PD1 ...
... no UTF-8 mapping file for font encoding PD1
) (/Users/alnourkhalifa/Library/TinyTeX/texmf-dist/tex/generic/intcalc/intcalc.sty
Package: intcalc 2019/12/15 v1.3 Expandable calculations with integers (HO)
)
\Hy@SavedSpaceFactor=\count291
 (/Users/alnourkhalifa/Library/TinyTeX/texmf-dist/tex/latex/hyperref/puenc.def
File: puenc.def 2026-01-29 v7.01p Hyperref: PDF Unicode definition (HO)
Now handling font encoding PU ...
... no UTF-8 mapping file for font encoding PU
)
Package hyperref Info: Hyper figures OFF on input line 4201.
Package hyperref Info: Link nesting OFF on input line 4206.
Package hyperref Info: Hyper index ON on input line 4209.
Package hyperref Info: Plain pages OFF on input line 4216.
Package hyperref Info: Backreferencing OFF on input line 4221.
Package hyperref Info: Implicit mode ON; LaTeX internals redefined.
Package hyperref Info: Bookmarks ON on input line 4468.
\c@Hy@tempcnt=\count292
 (/Users/alnourkhalifa/Library/TinyTeX/texmf-dist/tex/latex/url/url.sty
\Urlmuskip=\muskip17
Package: url 2013/09/16  ver 3.4  Verb mode for urls, etc.
)
LaTeX Info: Redefining \url on input line 4807.
\XeTeXLinkMargin=\dimen160
 (/Users/alnourkhalifa/Library/TinyTeX/texmf-dist/tex/generic/bitset/bitset.sty
Package: bitset 2019/12/09 v1.3 Handle bit-vector datatype (HO)
 (/Users/alnourkhalifa/Library/TinyTeX/texmf-dist/tex/generic/bigintcalc/bigintcalc.sty
Package: bigintcalc 2019/12/15 v1.5 Expandable calculations on big integers (HO)
))
\Fld@menulength=\count293
\Field@Width=\dimen161
\Fld@charsize=\dimen162
Package hyperref Info: Hyper figures OFF on input line 6084.
Package hyperref Info: Link nesting OFF on input line 6089.
Package hyperref Info: Hyper index ON on input line 6092.
Package hyperref Info: backreferencing OFF on input line 6099.
Package hyperref Info: Link coloring OFF on input line 6104.
Package hyperref Info: Link coloring with OCG OFF on input line 6109.
Package hyperref Info: PDF/A mode OFF on input line 6114.
\Hy@abspage=\count294
\c@Item=\count295
\c@Hfootnote=\count296
)
Package hyperref Info: Driver (autodetected): hpdftex.
 (/Users/alnourkhalifa/Library/TinyTeX/texmf-dist/tex/latex/hyperref/hpdftex.def
File: hpdftex.def 2026-01-29 v7.01p Hyperref driver for pdfTeX
\Fld@listcount=\count297
\c@bookmark@seq@number=\count298
 (/Users/alnourkhalifa/Library/TinyTeX/texmf-dist/tex/latex/rerunfilecheck/rerunfilecheck.sty
Package: rerunfilecheck 2025-06-21 v1.11 Rerun checks for auxiliary files (HO)
 (/Users/alnourkhalifa/Library/TinyTeX/texmf-dist/tex/generic/uniquecounter/uniquecounter.sty
Package: uniquecounter 2019/12/15 v1.4 Provide unlimited unique counter (HO)
)
Package uniquecounter Info: New unique counter `rerunfilecheck' on input line 284.
)
\Hy@SectionHShift=\skip51
) (/Users/alnourkhalifa/Library/TinyTeX/texmf-dist/tex/latex/bookmark/bookmark.sty
Package: bookmark 2023-12-10 v1.31 PDF bookmarks (HO)
 (/Users/alnourkhalifa/Library/TinyTeX/texmf-dist/tex/latex/bookmark/bkm-pdftex.def
File: bkm-pdftex.def 2023-12-10 v1.31 bookmark driver for pdfTeX and luaTeX (HO)
\BKM@id=\count299
)) (/Users/alnourkhalifa/Library/TinyTeX/texmf-dist/tex/latex/amsmath/amsmath.sty
Package: amsmath 2025/07/09 v2.17z AMS math features
\@mathmargin=\skip52

For additional information on amsmath, use the `?' option.
(/Users/alnourkhalifa/Library/TinyTeX/texmf-dist/tex/latex/amsmath/amstext.sty
Package: amstext 2024/11/17 v2.01 AMS text
 (/Users/alnourkhalifa/Library/TinyTeX/texmf-dist/tex/latex/amsmath/amsgen.sty
File: amsgen.sty 1999/11/30 v2.0 generic functions
\@emptytoks=\toks21
\ex@=\dimen163
)) (/Users/alnourkhalifa/Library/TinyTeX/texmf-dist/tex/latex/amsmath/amsbsy.sty
Package: amsbsy 1999/11/29 v1.2d Bold Symbols
\pmbraise@=\dimen164
) (/Users/alnourkhalifa/Library/TinyTeX/texmf-dist/tex/latex/amsmath/amsopn.sty
Package: amsopn 2022/04/08 v2.04 operator names
)
\inf@bad=\count300
LaTeX Info: Redefining \frac on input line 233.
\uproot@=\count301
\leftroot@=\count302
LaTeX Info: Redefining \overline on input line 398.
LaTeX Info: Redefining \colon on input line 409.
\classnum@=\count303
\DOTSCASE@=\count304
LaTeX Info: Redefining \ldots on input line 495.
LaTeX Info: Redefining \dots on input line 498.
LaTeX Info: Redefining \cdots on input line 619.
\Mathstrutbox@=\box53
\strutbox@=\box54
LaTeX Info: Redefining \big on input line 721.
LaTeX Info: Redefining \Big on input line 722.
LaTeX Info: Redefining \bigg on input line 723.
LaTeX Info: Redefining \Bigg on input line 724.
\big@size=\dimen165
LaTeX Font Info:    Redeclaring font encoding OML on input line 742.
LaTeX Font Info:    Redeclaring font encoding OMS on input line 743.
\macc@depth=\count305
LaTeX Info: Redefining \bmod on input line 904.
LaTeX Info: Redefining \pmod on input line 909.
LaTeX Info: Redefining \smash on input line 939.
LaTeX Info: Redefining \relbar on input line 969.
LaTeX Info: Redefining \Relbar on input line 970.
\c@MaxMatrixCols=\count306
\dotsspace@=\muskip18
\c@parentequation=\count307
\dspbrk@lvl=\count308
\tag@help=\toks22
\row@=\count309
\column@=\count310
\maxfields@=\count311
\andhelp@=\toks23
\eqnshift@=\dimen166
\alignsep@=\dimen167
\tagshift@=\dimen168
\tagwidth@=\dimen169
\totwidth@=\dimen170
\lineht@=\dimen171
\@envbody=\toks24
\multlinegap=\skip53
\multlinetaggap=\skip54
\mathdisplay@stack=\toks25
LaTeX Info: Redefining \[ on input line 2950.
LaTeX Info: Redefining \] on input line 2951.
) (/Users/alnourkhalifa/Library/TinyTeX/texmf-dist/tex/latex/amsfonts/amssymb.sty
Package: amssymb 2013/01/14 v3.01 AMS font symbols
 (/Users/alnourkhalifa/Library/TinyTeX/texmf-dist/tex/latex/amsfonts/amsfonts.sty
Package: amsfonts 2013/01/14 v3.01 Basic AMSFonts support
\symAMSa=\mathgroup4
\symAMSb=\mathgroup5
LaTeX Font Info:    Redeclaring math symbol \hbar on input line 98.
LaTeX Font Info:    Overwriting math alphabet `\mathfrak' in version `bold'
(Font)                  U/euf/m/n --> U/euf/b/n on input line 106.
)) (/Users/alnourkhalifa/Library/TinyTeX/texmf-dist/tex/latex/pgf/frontendlayer/tikz.sty (/Users/alnourkhalifa/Library/TinyTeX/texmf-dist/tex/latex/pgf/basiclayer/pgf.sty (/Users/alnourkhalifa/Library/TinyTeX/texmf-dist/tex/latex/pgf/utilities/pgfrcs.sty (/Users/alnourkhalifa/Library/TinyTeX/texmf-dist/tex/generic/pgf/utilities/pgfutil-common.tex
\pgfutil@everybye=\toks26
\pgfutil@tempdima=\dimen172
\pgfutil@tempdimb=\dimen173
) (/Users/alnourkhalifa/Library/TinyTeX/texmf-dist/tex/generic/pgf/utilities/pgfutil-latex.def
\pgfutil@abb=\box55
) (/Users/alnourkhalifa/Library/TinyTeX/texmf-dist/tex/generic/pgf/utilities/pgfrcs.code.tex (/Users/alnourkhalifa/Library/TinyTeX/texmf-dist/tex/generic/pgf/pgf.revision.tex)
Package: pgfrcs 2025-08-29 v3.1.11a (3.1.11a)
))
Package: pgf 2025-08-29 v3.1.11a (3.1.11a)
 (/Users/alnourkhalifa/Library/TinyTeX/texmf-dist/tex/latex/pgf/basiclayer/pgfcore.sty (/Users/alnourkhalifa/Library/TinyTeX/texmf-dist/tex/latex/pgf/systemlayer/pgfsys.sty (/Users/alnourkhalifa/Library/TinyTeX/texmf-dist/tex/generic/pgf/systemlayer/pgfsys.code.tex
Package: pgfsys 2025-08-29 v3.1.11a (3.1.11a)
 (/Users/alnourkhalifa/Library/TinyTeX/texmf-dist/tex/generic/pgf/utilities/pgfkeys.code.tex
\pgfkeys@pathtoks=\toks27
\pgfkeys@temptoks=\toks28
 (/Users/alnourkhalifa/Library/TinyTeX/texmf-dist/tex/generic/pgf/utilities/pgfkeyslibraryfiltered.code.tex
\pgfkeys@tmptoks=\toks29
))
\pgf@x=\dimen174
\pgf@y=\dimen175
\pgf@xa=\dimen176
\pgf@ya=\dimen177
\pgf@xb=\dimen178
\pgf@yb=\dimen179
\pgf@xc=\dimen180
\pgf@yc=\dimen181
\pgf@xd=\dimen182
\pgf@yd=\dimen183
\w@pgf@writea=\write3
\r@pgf@reada=\read2
\c@pgf@counta=\count312
\c@pgf@countb=\count313
\c@pgf@countc=\count314
\c@pgf@countd=\count315
\t@pgf@toka=\toks30
\t@pgf@tokb=\toks31
\t@pgf@tokc=\toks32
\pgf@sys@id@count=\count316
 (/Users/alnourkhalifa/Library/TinyTeX/texmf-dist/tex/generic/pgf/systemlayer/pgf.cfg
File: pgf.cfg 2025-08-29 v3.1.11a (3.1.11a)
)
Driver file for pgf: pgfsys-pdftex.def
 (/Users/alnourkhalifa/Library/TinyTeX/texmf-dist/tex/generic/pgf/systemlayer/pgfsys-pdftex.def
File: pgfsys-pdftex.def 2025-08-29 v3.1.11a (3.1.11a)
 (/Users/alnourkhalifa/Library/TinyTeX/texmf-dist/tex/generic/pgf/systemlayer/pgfsys-common-pdf.def
File: pgfsys-common-pdf.def 2025-08-29 v3.1.11a (3.1.11a)
))) (/Users/alnourkhalifa/Library/TinyTeX/texmf-dist/tex/generic/pgf/systemlayer/pgfsyssoftpath.code.tex
File: pgfsyssoftpath.code.tex 2025-08-29 v3.1.11a (3.1.11a)
\pgfsyssoftpath@smallbuffer@items=\count317
\pgfsyssoftpath@bigbuffer@items=\count318
) (/Users/alnourkhalifa/Library/TinyTeX/texmf-dist/tex/generic/pgf/systemlayer/pgfsysprotocol.code.tex
File: pgfsysprotocol.code.tex 2025-08-29 v3.1.11a (3.1.11a)
)) (/Users/alnourkhalifa/Library/TinyTeX/texmf-dist/tex/generic/pgf/basiclayer/pgfcore.code.tex
Package: pgfcore 2025-08-29 v3.1.11a (3.1.11a)
 (/Users/alnourkhalifa/Library/TinyTeX/texmf-dist/tex/generic/pgf/math/pgfmath.code.tex (/Users/alnourkhalifa/Library/TinyTeX/texmf-dist/tex/generic/pgf/math/pgfmathutil.code.tex) (/Users/alnourkhalifa/Library/TinyTeX/texmf-dist/tex/generic/pgf/math/pgfmathparser.code.tex
\pgfmath@dimen=\dimen184
\pgfmath@count=\count319
\pgfmath@box=\box56
\pgfmath@toks=\toks33
\pgfmath@stack@operand=\toks34
\pgfmath@stack@operation=\toks35
) (/Users/alnourkhalifa/Library/TinyTeX/texmf-dist/tex/generic/pgf/math/pgfmathfunctions.code.tex) (/Users/alnourkhalifa/Library/TinyTeX/texmf-dist/tex/generic/pgf/math/pgfmathfunctions.basic.code.tex) (/Users/alnourkhalifa/Library/TinyTeX/texmf-dist/tex/generic/pgf/math/pgfmathfunctions.trigonometric.code.tex) (/Users/alnourkhalifa/Library/TinyTeX/texmf-dist/tex/generic/pgf/math/pgfmathfunctions.random.code.tex) (/Users/alnourkhalifa/Library/TinyTeX/texmf-dist/tex/generic/pgf/math/pgfmathfunctions.comparison.code.tex) (/Users/alnourkhalifa/Library/TinyTeX/texmf-dist/tex/generic/pgf/math/pgfmathfunctions.base.code.tex) (/Users/alnourkhalifa/Library/TinyTeX/texmf-dist/tex/generic/pgf/math/pgfmathfunctions.round.code.tex) (/Users/alnourkhalifa/Library/TinyTeX/texmf-dist/tex/generic/pgf/math/pgfmathfunctions.misc.code.tex) (/Users/alnourkhalifa/Library/TinyTeX/texmf-dist/tex/generic/pgf/math/pgfmathfunctions.integerarithmetics.code.tex) (/Users/alnourkhalifa/Library/TinyTeX/texmf-dist/tex/generic/pgf/math/pgfmathcalc.code.tex) (/Users/alnourkhalifa/Library/TinyTeX/texmf-dist/tex/generic/pgf/math/pgfmathfloat.code.tex
\c@pgfmathroundto@lastzeros=\count320
)) (/Users/alnourkhalifa/Library/TinyTeX/texmf-dist/tex/generic/pgf/math/pgfint.code.tex) (/Users/alnourkhalifa/Library/TinyTeX/texmf-dist/tex/generic/pgf/basiclayer/pgfcorepoints.code.tex
File: pgfcorepoints.code.tex 2025-08-29 v3.1.11a (3.1.11a)
\pgf@picminx=\dimen185
\pgf@picmaxx=\dimen186
\pgf@picminy=\dimen187
\pgf@picmaxy=\dimen188
\pgf@pathminx=\dimen189
\pgf@pathmaxx=\dimen190
\pgf@pathminy=\dimen191
\pgf@pathmaxy=\dimen192
\pgf@xx=\dimen193
\pgf@xy=\dimen194
\pgf@yx=\dimen195
\pgf@yy=\dimen196
\pgf@zx=\dimen197
\pgf@zy=\dimen198
) (/Users/alnourkhalifa/Library/TinyTeX/texmf-dist/tex/generic/pgf/basiclayer/pgfcorepathconstruct.code.tex
File: pgfcorepathconstruct.code.tex 2025-08-29 v3.1.11a (3.1.11a)
\pgf@path@lastx=\dimen199
\pgf@path@lasty=\dimen256
) (/Users/alnourkhalifa/Library/TinyTeX/texmf-dist/tex/generic/pgf/basiclayer/pgfcorepathusage.code.tex
File: pgfcorepathusage.code.tex 2025-08-29 v3.1.11a (3.1.11a)
\pgf@shorten@end@additional=\dimen257
\pgf@shorten@start@additional=\dimen258
) (/Users/alnourkhalifa/Library/TinyTeX/texmf-dist/tex/generic/pgf/basiclayer/pgfcorescopes.code.tex
File: pgfcorescopes.code.tex 2025-08-29 v3.1.11a (3.1.11a)
\pgfpic=\box57
\pgf@hbox=\box58
\pgf@layerbox@main=\box59
\pgf@picture@serial@count=\count321
) (/Users/alnourkhalifa/Library/TinyTeX/texmf-dist/tex/generic/pgf/basiclayer/pgfcoregraphicstate.code.tex
File: pgfcoregraphicstate.code.tex 2025-08-29 v3.1.11a (3.1.11a)
\pgflinewidth=\dimen259
) (/Users/alnourkhalifa/Library/TinyTeX/texmf-dist/tex/generic/pgf/basiclayer/pgfcoretransformations.code.tex
File: pgfcoretransformations.code.tex 2025-08-29 v3.1.11a (3.1.11a)
\pgf@pt@x=\dimen260
\pgf@pt@y=\dimen261
\pgf@pt@temp=\dimen262
) (/Users/alnourkhalifa/Library/TinyTeX/texmf-dist/tex/generic/pgf/basiclayer/pgfcorequick.code.tex
File: pgfcorequick.code.tex 2025-08-29 v3.1.11a (3.1.11a)
) (/Users/alnourkhalifa/Library/TinyTeX/texmf-dist/tex/generic/pgf/basiclayer/pgfcoreobjects.code.tex
File: pgfcoreobjects.code.tex 2025-08-29 v3.1.11a (3.1.11a)
) (/Users/alnourkhalifa/Library/TinyTeX/texmf-dist/tex/generic/pgf/basiclayer/pgfcorepathprocessing.code.tex
File: pgfcorepathprocessing.code.tex 2025-08-29 v3.1.11a (3.1.11a)
) (/Users/alnourkhalifa/Library/TinyTeX/texmf-dist/tex/generic/pgf/basiclayer/pgfcorearrows.code.tex
File: pgfcorearrows.code.tex 2025-08-29 v3.1.11a (3.1.11a)
\pgfarrowsep=\dimen263
) (/Users/alnourkhalifa/Library/TinyTeX/texmf-dist/tex/generic/pgf/basiclayer/pgfcoreshade.code.tex
File: pgfcoreshade.code.tex 2025-08-29 v3.1.11a (3.1.11a)
\pgf@max=\dimen264
\pgf@sys@shading@range@num=\count322
\pgf@shadingcount=\count323
) (/Users/alnourkhalifa/Library/TinyTeX/texmf-dist/tex/generic/pgf/basiclayer/pgfcoreimage.code.tex
File: pgfcoreimage.code.tex 2025-08-29 v3.1.11a (3.1.11a)
) (/Users/alnourkhalifa/Library/TinyTeX/texmf-dist/tex/generic/pgf/basiclayer/pgfcoreexternal.code.tex
File: pgfcoreexternal.code.tex 2025-08-29 v3.1.11a (3.1.11a)
\pgfexternal@startupbox=\box60
) (/Users/alnourkhalifa/Library/TinyTeX/texmf-dist/tex/generic/pgf/basiclayer/pgfcorelayers.code.tex
File: pgfcorelayers.code.tex 2025-08-29 v3.1.11a (3.1.11a)
) (/Users/alnourkhalifa/Library/TinyTeX/texmf-dist/tex/generic/pgf/basiclayer/pgfcoretransparency.code.tex
File: pgfcoretransparency.code.tex 2025-08-29 v3.1.11a (3.1.11a)
) (/Users/alnourkhalifa/Library/TinyTeX/texmf-dist/tex/generic/pgf/basiclayer/pgfcorepatterns.code.tex
File: pgfcorepatterns.code.tex 2025-08-29 v3.1.11a (3.1.11a)
) (/Users/alnourkhalifa/Library/TinyTeX/texmf-dist/tex/generic/pgf/basiclayer/pgfcorerdf.code.tex
File: pgfcorerdf.code.tex 2025-08-29 v3.1.11a (3.1.11a)
))) (/Users/alnourkhalifa/Library/TinyTeX/texmf-dist/tex/generic/pgf/modules/pgfmoduleshapes.code.tex
File: pgfmoduleshapes.code.tex 2025-08-29 v3.1.11a (3.1.11a)
\pgfnodeparttextbox=\box61
) (/Users/alnourkhalifa/Library/TinyTeX/texmf-dist/tex/generic/pgf/modules/pgfmoduleplot.code.tex
File: pgfmoduleplot.code.tex 2025-08-29 v3.1.11a (3.1.11a)
) (/Users/alnourkhalifa/Library/TinyTeX/texmf-dist/tex/latex/pgf/compatibility/pgfcomp-version-0-65.sty
Package: pgfcomp-version-0-65 2025-08-29 v3.1.11a (3.1.11a)
\pgf@nodesepstart=\dimen265
\pgf@nodesepend=\dimen266
) (/Users/alnourkhalifa/Library/TinyTeX/texmf-dist/tex/latex/pgf/compatibility/pgfcomp-version-1-18.sty
Package: pgfcomp-version-1-18 2025-08-29 v3.1.11a (3.1.11a)
)) (/Users/alnourkhalifa/Library/TinyTeX/texmf-dist/tex/latex/pgf/utilities/pgffor.sty (/Users/alnourkhalifa/Library/TinyTeX/texmf-dist/tex/latex/pgf/utilities/pgfkeys.sty (/Users/alnourkhalifa/Library/TinyTeX/texmf-dist/tex/generic/pgf/utilities/pgfkeys.code.tex)) (/Users/alnourkhalifa/Library/TinyTeX/texmf-dist/tex/latex/pgf/math/pgfmath.sty (/Users/alnourkhalifa/Library/TinyTeX/texmf-dist/tex/generic/pgf/math/pgfmath.code.tex)) (/Users/alnourkhalifa/Library/TinyTeX/texmf-dist/tex/generic/pgf/utilities/pgffor.code.tex
Package: pgffor 2025-08-29 v3.1.11a (3.1.11a)
\pgffor@iter=\dimen267
\pgffor@skip=\dimen268
\pgffor@stack=\toks36
\pgffor@toks=\toks37
)) (/Users/alnourkhalifa/Library/TinyTeX/texmf-dist/tex/generic/pgf/frontendlayer/tikz/tikz.code.tex
Package: tikz 2025-08-29 v3.1.11a (3.1.11a)
 (/Users/alnourkhalifa/Library/TinyTeX/texmf-dist/tex/generic/pgf/libraries/pgflibraryplothandlers.code.tex
File: pgflibraryplothandlers.code.tex 2025-08-29 v3.1.11a (3.1.11a)
\pgf@plot@mark@count=\count324
\pgfplotmarksize=\dimen269
)
\tikz@lastx=\dimen270
\tikz@lasty=\dimen271
\tikz@lastxsaved=\dimen272
\tikz@lastysaved=\dimen273
\tikz@lastmovetox=\dimen274
\tikz@lastmovetoy=\dimen275
\tikzleveldistance=\dimen276
\tikzsiblingdistance=\dimen277
\tikz@figbox=\box62
\tikz@figbox@bg=\box63
\tikz@tempbox=\box64
\tikz@tempbox@bg=\box65
\tikztreelevel=\count325
\tikznumberofchildren=\count326
\tikznumberofcurrentchild=\count327
\tikz@fig@count=\count328
 (/Users/alnourkhalifa/Library/TinyTeX/texmf-dist/tex/generic/pgf/modules/pgfmodulematrix.code.tex
File: pgfmodulematrix.code.tex 2025-08-29 v3.1.11a (3.1.11a)
\pgfmatrixcurrentrow=\count329
\pgfmatrixcurrentcolumn=\count330
\pgf@matrix@numberofcolumns=\count331
)
\tikz@expandcount=\count332
 (/Users/alnourkhalifa/Library/TinyTeX/texmf-dist/tex/generic/pgf/frontendlayer/tikz/libraries/tikzlibrarytopaths.code.tex
File: tikzlibrarytopaths.code.tex 2025-08-29 v3.1.11a (3.1.11a)
))) (/Users/alnourkhalifa/Library/TinyTeX/texmf-dist/tex/generic/pgf/frontendlayer/tikz/libraries/tikzlibraryshapes.geometric.code.tex
File: tikzlibraryshapes.geometric.code.tex 2025-08-29 v3.1.11a (3.1.11a)
 (/Users/alnourkhalifa/Library/TinyTeX/texmf-dist/tex/generic/pgf/libraries/shapes/pgflibraryshapes.geometric.code.tex
File: pgflibraryshapes.geometric.code.tex 2025-08-29 v3.1.11a (3.1.11a)
)) (/Users/alnourkhalifa/Library/TinyTeX/texmf-dist/tex/generic/pgf/libraries/pgflibraryarrows.meta.code.tex
File: pgflibraryarrows.meta.code.tex 2025-08-29 v3.1.11a (3.1.11a)
\pgfarrowinset=\dimen278
\pgfarrowlength=\dimen279
\pgfarrowwidth=\dimen280
\pgfarrowlinewidth=\dimen281
) (/Users/alnourkhalifa/Library/TinyTeX/texmf-dist/tex/generic/pgf/frontendlayer/tikz/libraries/tikzlibrarypositioning.code.tex
File: tikzlibrarypositioning.code.tex 2025-08-29 v3.1.11a (3.1.11a)
) (/Users/alnourkhalifa/Library/TinyTeX/texmf-dist/tex/generic/pgf/frontendlayer/tikz/libraries/tikzlibrarycalc.code.tex
File: tikzlibrarycalc.code.tex 2025-08-29 v3.1.11a (3.1.11a)
) (/Users/alnourkhalifa/Library/TinyTeX/texmf-dist/tex/generic/pgf/frontendlayer/tikz/libraries/tikzlibraryfit.code.tex
File: tikzlibraryfit.code.tex 2025-08-29 v3.1.11a (3.1.11a)
) (/Users/alnourkhalifa/Library/TinyTeX/texmf-dist/tex/generic/pgf/frontendlayer/tikz/libraries/tikzlibrarybackgrounds.code.tex
File: tikzlibrarybackgrounds.code.tex 2025-08-29 v3.1.11a (3.1.11a)
\pgf@layerbox@background=\box66
\pgf@layerboxsaved@background=\box67
) (/Users/alnourkhalifa/Library/TinyTeX/texmf-dist/tex/generic/pgf/frontendlayer/tikz/libraries/tikzlibrarydecorations.pathreplacing.code.tex (/Users/alnourkhalifa/Library/TinyTeX/texmf-dist/tex/generic/pgf/frontendlayer/tikz/libraries/tikzlibrarydecorations.code.tex (/Users/alnourkhalifa/Library/TinyTeX/texmf-dist/tex/generic/pgf/modules/pgfmoduledecorations.code.tex
\pgfdecoratedcompleteddistance=\dimen282
\pgfdecoratedremainingdistance=\dimen283
\pgfdecoratedinputsegmentcompleteddistance=\dimen284
\pgfdecoratedinputsegmentremainingdistance=\dimen285
\pgf@decorate@distancetomove=\dimen286
\pgf@decorate@repeatstate=\count333
\pgfdecorationsegmentamplitude=\dimen287
\pgfdecorationsegmentlength=\dimen288
)
\tikz@lib@dec@box=\box68
) (/Users/alnourkhalifa/Library/TinyTeX/texmf-dist/tex/generic/pgf/libraries/decorations/pgflibrarydecorations.pathreplacing.code.tex)) (/Users/alnourkhalifa/Library/TinyTeX/texmf-dist/tex/generic/pgf/frontendlayer/tikz/libraries/tikzlibrarypatterns.code.tex
File: tikzlibrarypatterns.code.tex 2025-08-29 v3.1.11a (3.1.11a)
 (/Users/alnourkhalifa/Library/TinyTeX/texmf-dist/tex/generic/pgf/libraries/pgflibrarypatterns.code.tex
File: pgflibrarypatterns.code.tex 2025-08-29 v3.1.11a (3.1.11a)
)) (/Users/alnourkhalifa/Library/TinyTeX/texmf-dist/tex/latex/pgfplots/pgfplots.sty (/Users/alnourkhalifa/Library/TinyTeX/texmf-dist/tex/generic/pgfplots/pgfplots.revision.tex)
Package: pgfplots 2025/08/14 v1.18.2 Data Visualization (1.18.2)
 (/Users/alnourkhalifa/Library/TinyTeX/texmf-dist/tex/generic/pgfplots/pgfplots.code.tex (/Users/alnourkhalifa/Library/TinyTeX/texmf-dist/tex/generic/pgfplots/pgfplotscore.code.tex
\t@pgfplots@toka=\toks38
\t@pgfplots@tokb=\toks39
\t@pgfplots@tokc=\toks40
\pgfplots@tmpa=\dimen289
\c@pgfplots@coordindex=\count334
\c@pgfplots@scanlineindex=\count335
 (/Users/alnourkhalifa/Library/TinyTeX/texmf-dist/tex/generic/pgfplots/sys/pgfplotssysgeneric.code.tex)) (/Users/alnourkhalifa/Library/TinyTeX/texmf-dist/tex/generic/pgfplots/libs/pgfplotslibrary.code.tex) (/Users/alnourkhalifa/Library/TinyTeX/texmf-dist/tex/generic/pgfplots/oldpgfcompatib/pgfplotsoldpgfsupp_loader.code.tex (/Users/alnourkhalifa/Library/TinyTeX/texmf-dist/tex/generic/pgf/libraries/pgflibraryfpu.code.tex) (/Users/alnourkhalifa/Library/TinyTeX/texmf-dist/tex/generic/pgfplots/oldpgfcompatib/pgfplotsoldpgfsupp_pgfutil-common-lists.tex)) (/Users/alnourkhalifa/Library/TinyTeX/texmf-dist/tex/generic/pgfplots/util/pgfplotsutil.code.tex (/Users/alnourkhalifa/Library/TinyTeX/texmf-dist/tex/generic/pgfplots/liststructure/pgfplotsliststructure.code.tex) (/Users/alnourkhalifa/Library/TinyTeX/texmf-dist/tex/generic/pgfplots/liststructure/pgfplotsliststructureext.code.tex) (/Users/alnourkhalifa/Library/TinyTeX/texmf-dist/tex/generic/pgfplots/liststructure/pgfplotsarray.code.tex
\c@pgfplotsarray@tmp=\count336
) (/Users/alnourkhalifa/Library/TinyTeX/texmf-dist/tex/generic/pgfplots/liststructure/pgfplotsmatrix.code.tex) (/Users/alnourkhalifa/Library/TinyTeX/texmf-dist/tex/generic/pgfplots/numtable/pgfplotstableshared.code.tex
\c@pgfplotstable@counta=\count337
\t@pgfplotstable@a=\toks41
) (/Users/alnourkhalifa/Library/TinyTeX/texmf-dist/tex/generic/pgfplots/liststructure/pgfplotsdeque.code.tex)
(/Users/alnourkhalifa/Library/TinyTeX/texmf-dist/tex/generic/pgfplots/util/pgfplotsbinary.code.tex (/Users/alnourkhalifa/Library/TinyTeX/texmf-dist/tex/generic/pgfplots/util/pgfplotsbinary.data.code.tex)) (/Users/alnourkhalifa/Library/TinyTeX/texmf-dist/tex/generic/pgfplots/util/pgfplotsutil.verb.code.tex) (/Users/alnourkhalifa/Library/TinyTeX/texmf-dist/tex/generic/pgfplots/libs/pgflibrarypgfplots.surfshading.code.tex
\c@pgfplotslibrarysurf@no=\count338
 (/Users/alnourkhalifa/Library/TinyTeX/texmf-dist/tex/generic/pgfplots/sys/pgflibrarypgfplots.surfshading.pgfsys-pdftex.def))) (/Users/alnourkhalifa/Library/TinyTeX/texmf-dist/tex/generic/pgfplots/util/pgfplotscolormap.code.tex (/Users/alnourkhalifa/Library/TinyTeX/texmf-dist/tex/generic/pgfplots/util/pgfplotscolor.code.tex)) (/Users/alnourkhalifa/Library/TinyTeX/texmf-dist/tex/generic/pgfplots/pgfplotsstackedplots.code.tex) (/Users/alnourkhalifa/Library/TinyTeX/texmf-dist/tex/generic/pgfplots/pgfplotsplothandlers.code.tex (/Users/alnourkhalifa/Library/TinyTeX/texmf-dist/tex/generic/pgfplots/pgfplotsmeshplothandler.code.tex (/Users/alnourkhalifa/Library/TinyTeX/texmf-dist/tex/generic/pgfplots/pgfplotsmeshplotimage.code.tex))) (/Users/alnourkhalifa/Library/TinyTeX/texmf-dist/tex/generic/pgfplots/pgfplots.scaling.code.tex) (/Users/alnourkhalifa/Library/TinyTeX/texmf-dist/tex/generic/pgfplots/pgfplotscoordprocessing.code.tex) (/Users/alnourkhalifa/Library/TinyTeX/texmf-dist/tex/generic/pgfplots/pgfplots.errorbars.code.tex) (/Users/alnourkhalifa/Library/TinyTeX/texmf-dist/tex/generic/pgfplots/pgfplots.markers.code.tex) (/Users/alnourkhalifa/Library/TinyTeX/texmf-dist/tex/generic/pgfplots/pgfplotsticks.code.tex) (/Users/alnourkhalifa/Library/TinyTeX/texmf-dist/tex/generic/pgfplots/pgfplots.paths.code.tex) (/Users/alnourkhalifa/Library/TinyTeX/texmf-dist/tex/generic/pgf/frontendlayer/tikz/libraries/tikzlibrarydecorations.pathmorphing.code.tex (/Users/alnourkhalifa/Library/TinyTeX/texmf-dist/tex/generic/pgf/libraries/decorations/pgflibrarydecorations.pathmorphing.code.tex)) (/Users/alnourkhalifa/Library/TinyTeX/texmf-dist/tex/generic/pgfplots/libs/tikzlibrarypgfplots.contourlua.code.tex)
\pgfplots@numplots=\count339
\pgfplots@xmin@reg=\dimen290
\pgfplots@xmax@reg=\dimen291
\pgfplots@ymin@reg=\dimen292
\pgfplots@ymax@reg=\dimen293
\pgfplots@zmin@reg=\dimen294
\pgfplots@zmax@reg=\dimen295
) (/Users/alnourkhalifa/Library/TinyTeX/texmf-dist/tex/generic/pgf/frontendlayer/tikz/libraries/tikzlibraryplotmarks.code.tex
File: tikzlibraryplotmarks.code.tex 2025-08-29 v3.1.11a (3.1.11a)
 (/Users/alnourkhalifa/Library/TinyTeX/texmf-dist/tex/generic/pgf/libraries/pgflibraryplotmarks.code.tex
File: pgflibraryplotmarks.code.tex 2025-08-29 v3.1.11a (3.1.11a)
))) (/Users/alnourkhalifa/Library/TinyTeX/texmf-dist/tex/latex/listings/listings.sty
\lst@mode=\count340
\lst@gtempboxa=\box69
\lst@token=\toks42
\lst@length=\count341
\lst@currlwidth=\dimen296
\lst@column=\count342
\lst@pos=\count343
\lst@lostspace=\dimen297
\lst@width=\dimen298
\lst@newlines=\count344
\lst@lineno=\count345
\lst@maxwidth=\dimen299
 (/Users/alnourkhalifa/Library/TinyTeX/texmf-dist/tex/latex/listings/lstpatch.sty
File: lstpatch.sty 2025/11/14 1.11b (Carsten Heinz)
) (/Users/alnourkhalifa/Library/TinyTeX/texmf-dist/tex/latex/listings/lstmisc.sty
File: lstmisc.sty 2025/11/14 1.11b (Carsten Heinz)
\c@lstnumber=\count346
\lst@skipnumbers=\count347
\lst@framebox=\box70
) (/Users/alnourkhalifa/Library/TinyTeX/texmf-dist/tex/latex/listings/listings.cfg
File: listings.cfg 2025/11/14 1.11b listings configuration
))
Package: listings 2025/11/14 1.11b (Carsten Heinz)

==> First Aid for listings.sty no longer applied!
    Expected:
        2024/09/23 1.10c (Carsten Heinz)
    but found:
        2025/11/14 1.11b (Carsten Heinz)
    so I'm assuming it got fixed.
(/Users/alnourkhalifa/Library/TinyTeX/texmf-dist/tex/latex/biblatex/biblatex.sty
Package: biblatex 2025/07/10 v3.21 programmable bibliographies (PK/MW)
 (/Users/alnourkhalifa/Library/TinyTeX/texmf-dist/tex/latex/logreq/logreq.sty
Package: logreq 2010/08/04 v1.0 xml request logger
\lrq@indent=\count348
 (/Users/alnourkhalifa/Library/TinyTeX/texmf-dist/tex/latex/logreq/logreq.def
File: logreq.def 2010/08/04 v1.0 logreq spec v1.0
)) (/Users/alnourkhalifa/Library/TinyTeX/texmf-dist/tex/latex/base/ifthen.sty
Package: ifthen 2024/03/16 v1.1e Standard LaTeX ifthen package (DPC)
)
\c@tabx@nest=\count349
\c@listtotal=\count350
\c@listcount=\count351
\c@liststart=\count352
\c@liststop=\count353
\c@citecount=\count354
\c@citetotal=\count355
\c@multicitecount=\count356
\c@multicitetotal=\count357
\c@instcount=\count358
\c@maxnames=\count359
\c@minnames=\count360
\c@maxitems=\count361
\c@minitems=\count362
\c@citecounter=\count363
\c@maxcitecounter=\count364
\c@savedcitecounter=\count365
\c@uniquelist=\count366
\c@uniquename=\count367
\c@refsection=\count368
\c@refsegment=\count369
\c@maxextratitle=\count370
\c@maxextratitleyear=\count371
\c@maxextraname=\count372
\c@maxextradate=\count373
\c@maxextraalpha=\count374
\c@abbrvpenalty=\count375
\c@highnamepenalty=\count376
\c@lownamepenalty=\count377
\c@maxparens=\count378
\c@parenlevel=\count379
\blx@tempcnta=\count380
\blx@tempcntb=\count381
\blx@tempcntc=\count382
\c@blx@maxsection=\count383
\blx@maxsegment@0=\count384
\blx@notetype=\count385
\blx@parenlevel@text=\count386
\blx@parenlevel@foot=\count387
\blx@sectionciteorder@0=\count388
\blx@sectionciteorderinternal@0=\count389
\blx@entrysetcounter=\count390
\blx@biblioinstance=\count391
\labelnumberwidth=\skip55
\labelalphawidth=\skip56
\biblabelsep=\skip57
\bibitemsep=\skip58
\bibnamesep=\skip59
\bibinitsep=\skip60
\bibparsep=\skip61
\bibhang=\skip62
\blx@bcfin=\read3
\blx@bcfout=\write4
\blx@langwohyphens=\language3
\c@mincomprange=\count392
\c@maxcomprange=\count393
\c@mincompwidth=\count394
Package biblatex Info: Trying to load biblatex default data model...
Package biblatex Info: ... file 'blx-dm.def' found.
 (/Users/alnourkhalifa/Library/TinyTeX/texmf-dist/tex/latex/biblatex/blx-dm.def
File: blx-dm.def 2025/07/10 v3.21 biblatex datamodel (PK/MW)
)
Package biblatex Info: Trying to load biblatex style data model...
Package biblatex Info: ... file 'authoryear.dbx' not found.
Package biblatex Info: Trying to load biblatex custom data model...
Package biblatex Info: ... file 'biblatex-dm.cfg' not found.
\c@afterword=\count395
\c@savedafterword=\count396
\c@annotator=\count397
\c@savedannotator=\count398
\c@author=\count399
\c@savedauthor=\count400
\c@bookauthor=\count401
\c@savedbookauthor=\count402
\c@commentator=\count403
\c@savedcommentator=\count404
\c@editor=\count405
\c@savededitor=\count406
\c@editora=\count407
\c@savededitora=\count408
\c@editorb=\count409
\c@savededitorb=\count410
\c@editorc=\count411
\c@savededitorc=\count412
\c@foreword=\count413
\c@savedforeword=\count414
\c@holder=\count415
\c@savedholder=\count416
\c@introduction=\count417
\c@savedintroduction=\count418
\c@namea=\count419
\c@savednamea=\count420
\c@nameb=\count421
\c@savednameb=\count422
\c@namec=\count423
\c@savednamec=\count424
\c@translator=\count425
\c@savedtranslator=\count426
\c@shortauthor=\count427
\c@savedshortauthor=\count428
\c@shorteditor=\count429
\c@savedshorteditor=\count430
\c@labelname=\count431
\c@savedlabelname=\count432
\c@institution=\count433
\c@savedinstitution=\count434
\c@lista=\count435
\c@savedlista=\count436
\c@listb=\count437
\c@savedlistb=\count438
\c@listc=\count439
\c@savedlistc=\count440
\c@listd=\count441
\c@savedlistd=\count442
\c@liste=\count443
\c@savedliste=\count444
\c@listf=\count445
\c@savedlistf=\count446
\c@location=\count447
\c@savedlocation=\count448
\c@organization=\count449
\c@savedorganization=\count450
\c@origlocation=\count451
\c@savedoriglocation=\count452
\c@origpublisher=\count453
\c@savedorigpublisher=\count454
\c@publisher=\count455
\c@savedpublisher=\count456
\c@language=\count457
\c@savedlanguage=\count458
\c@origlanguage=\count459
\c@savedoriglanguage=\count460
\c@pageref=\count461
\c@savedpageref=\count462
\shorthandwidth=\skip63
\shortjournalwidth=\skip64
\shortserieswidth=\skip65
\shorttitlewidth=\skip66
\shortauthorwidth=\skip67
\shorteditorwidth=\skip68
\locallabelnumberwidth=\skip69
\locallabelalphawidth=\skip70
\localshorthandwidth=\skip71
\localshortjournalwidth=\skip72
\localshortserieswidth=\skip73
\localshorttitlewidth=\skip74
\localshortauthorwidth=\skip75
\localshorteditorwidth=\skip76
Package biblatex Info: Trying to load compatibility code...
Package biblatex Info: ... file 'blx-compat.def' found.
 (/Users/alnourkhalifa/Library/TinyTeX/texmf-dist/tex/latex/biblatex/blx-compat.def
File: blx-compat.def 2025/07/10 v3.21 biblatex compatibility (PK/MW)
)
Package biblatex Info: Trying to load generic definitions...
Package biblatex Info: ... file 'biblatex.def' found.
 (/Users/alnourkhalifa/Library/TinyTeX/texmf-dist/tex/latex/biblatex/biblatex.def
File: biblatex.def 2025/07/10 v3.21 biblatex compatibility (PK/MW)
\c@textcitecount=\count463
\c@textcitetotal=\count464
\c@textcitemaxnames=\count465
\c@biburlbigbreakpenalty=\count466
\c@biburlbreakpenalty=\count467
\c@biburlnumpenalty=\count468
\c@biburlucpenalty=\count469
\c@biburllcpenalty=\count470
\biburlbigskip=\muskip19
\biburlnumskip=\muskip20
\biburlucskip=\muskip21
\biburllcskip=\muskip22
\c@smartand=\count471
)
Package biblatex Info: Trying to load bibliography style 'authoryear'...
Package biblatex Info: ... file 'authoryear.bbx' found.
 (/Users/alnourkhalifa/Library/TinyTeX/texmf-dist/tex/latex/biblatex/bbx/authoryear.bbx
File: authoryear.bbx 2025/07/10 v3.21 biblatex bibliography style (PK/MW)
Package biblatex Info: Trying to load bibliography style 'standard'...
Package biblatex Info: ... file 'standard.bbx' found.
 (/Users/alnourkhalifa/Library/TinyTeX/texmf-dist/tex/latex/biblatex/bbx/standard.bbx
File: standard.bbx 2025/07/10 v3.21 biblatex bibliography style (PK/MW)
\c@bbx:relatedcount=\count472
\c@bbx:relatedtotal=\count473
))
Package biblatex Info: Trying to load citation style 'authoryear'...
Package biblatex Info: ... file 'authoryear.cbx' found.
 (/Users/alnourkhalifa/Library/TinyTeX/texmf-dist/tex/latex/biblatex/cbx/authoryear.cbx
File: authoryear.cbx 2025/07/10 v3.21 biblatex citation style (PK/MW)
Package biblatex Info: Redefining '\cite'.
Package biblatex Info: Redefining '\parencite'.
Package biblatex Info: Redefining '\footcite'.
Package biblatex Info: Redefining '\footcitetext'.
Package biblatex Info: Redefining '\smartcite'.
Package biblatex Info: Redefining '\textcite'.
Package biblatex Info: Redefining '\textcites'.
)
Package biblatex Info: Trying to load configuration file...
Package biblatex Info: ... file 'biblatex.cfg' found.
 (/Users/alnourkhalifa/Library/TinyTeX/texmf-dist/tex/latex/biblatex/biblatex.cfg
File: biblatex.cfg 
)
Package biblatex Info: Input encoding 'utf8' detected.
Package biblatex Info: Document encoding is UTF8 ....
 (/Users/alnourkhalifa/Library/TinyTeX/texmf-dist/tex/latex/l3kernel/expl3.sty
Package: expl3 2026-01-19 L3 programming layer (loader) 
 (/Users/alnourkhalifa/Library/TinyTeX/texmf-dist/tex/latex/l3backend/l3backend-pdftex.def
File: l3backend-pdftex.def 2025-10-09 L3 backend support: PDF output (pdfTeX)
\l__color_backend_stack_int=\count474
))
Package biblatex Info: ... and expl3
(biblatex)             2026-01-19 L3 programming layer (loader) 
(biblatex)             is new enough (at least 2020/04/06),
(biblatex)             setting 'casechanger=expl3'.
 (/Users/alnourkhalifa/Library/TinyTeX/texmf-dist/tex/latex/biblatex/blx-case-expl3.sty (/Users/alnourkhalifa/Library/TinyTeX/texmf-dist/tex/latex/l3packages/xparse/xparse.sty
Package: xparse 2025-10-09 L3 Experimental document command parser
)
Package: blx-case-expl3 2025/07/10 v3.21 expl3 case changing code for biblatex
)) (/Users/alnourkhalifa/Library/TinyTeX/texmf-dist/tex/latex/fancyhdr/fancyhdr.sty
Package: fancyhdr 2025/02/07 v5.2 Extensive control of page headers and footers
\f@nch@headwidth=\skip77
\f@nch@offset@elh=\skip78
\f@nch@offset@erh=\skip79
\f@nch@offset@olh=\skip80
\f@nch@offset@orh=\skip81
\f@nch@offset@elf=\skip82
\f@nch@offset@erf=\skip83
\f@nch@offset@olf=\skip84
\f@nch@offset@orf=\skip85
\f@nch@height=\skip86
\f@nch@footalignment=\skip87
\f@nch@widthL=\skip88
\f@nch@widthC=\skip89
\f@nch@widthR=\skip90
\@temptokenb=\toks43
) (/Users/alnourkhalifa/Library/TinyTeX/texmf-dist/tex/latex/titlesec/titlesec.sty
Package: titlesec 2025/01/04 v2.17 Sectioning titles
\ttl@box=\box71
\beforetitleunit=\skip91
\aftertitleunit=\skip92
\ttl@plus=\dimen300
\ttl@minus=\dimen301
\ttl@toksa=\toks44
\titlewidth=\dimen302
\titlewidthlast=\dimen303
\titlewidthfirst=\dimen304
))
\@quotelevel=\count475
\@quotereset=\count476
LaTeX Font Info:    Trying to load font information for T1+lmr on input line 5.
 (/Users/alnourkhalifa/Library/TinyTeX/texmf-dist/tex/latex/lm/t1lmr.fd
File: t1lmr.fd 2015/05/01 v1.6.1 Font defs for Latin Modern
)
No file main.aux.
\openout1 = `main.aux'.

LaTeX Font Info:    Checking defaults for OML/cmm/m/it on input line 5.
LaTeX Font Info:    ... okay on input line 5.
LaTeX Font Info:    Checking defaults for OMS/cmsy/m/n on input line 5.
LaTeX Font Info:    ... okay on input line 5.
LaTeX Font Info:    Checking defaults for OT1/cmr/m/n on input line 5.
LaTeX Font Info:    ... okay on input line 5.
LaTeX Font Info:    Checking defaults for T1/cmr/m/n on input line 5.
LaTeX Font Info:    ... okay on input line 5.
LaTeX Font Info:    Checking defaults for TS1/cmr/m/n on input line 5.
LaTeX Font Info:    ... okay on input line 5.
LaTeX Font Info:    Checking defaults for OMX/cmex/m/n on input line 5.
LaTeX Font Info:    ... okay on input line 5.
LaTeX Font Info:    Checking defaults for U/cmr/m/n on input line 5.
LaTeX Font Info:    ... okay on input line 5.
LaTeX Font Info:    Checking defaults for PD1/pdf/m/n on input line 5.
LaTeX Font Info:    ... okay on input line 5.
LaTeX Font Info:    Checking defaults for PU/pdf/m/n on input line 5.
LaTeX Font Info:    ... okay on input line 5.
*geometry* driver: auto-detecting
*geometry* detected driver: pdftex
*geometry* verbose mode - [ preamble ] result:
* driver: pdftex
* paper: a4paper
* layout: <same size as paper>
* layoutoffset:(h,v)=(0.0pt,0.0pt)
* modes: twoside 
* h-part:(L,W,R)=(71.13188pt, 455.24411pt, 71.13188pt)
* v-part:(T,H,B)=(71.13188pt, 702.78308pt, 71.13188pt)
* \paperwidth=597.50787pt
* \paperheight=845.04684pt
* \textwidth=455.24411pt
* \textheight=702.78308pt
* \oddsidemargin=-1.1381pt
* \evensidemargin=-1.1381pt
* \topmargin=-33.0119pt
* \headheight=12.0pt
* \headsep=19.8738pt
* \topskip=11.0pt
* \footskip=27.46295pt
* \marginparwidth=106.0pt
* \marginparsep=7.0pt
* \columnsep=10.0pt
* \skip\footins=10.0pt plus 4.0pt minus 2.0pt
* \hoffset=0.0pt
* \voffset=0.0pt
* \mag=1000
* \@twocolumnfalse
* \@twosidetrue
* \@mparswitchtrue
* \@reversemarginfalse
* (1in=72.27pt=25.4mm, 1cm=28.453pt)

(/Users/alnourkhalifa/Library/TinyTeX/texmf-dist/tex/latex/epstopdf-pkg/epstopdf-base.sty
Package: epstopdf-base 2020-01-24 v2.11 Base part for package epstopdf
Package epstopdf-base Info: Redefining graphics rule for `.eps' on input line 485.
 (/Users/alnourkhalifa/Library/TinyTeX/texmf-dist/tex/latex/latexconfig/epstopdf-sys.cfg
File: epstopdf-sys.cfg 2010/07/13 v1.3 Configuration of (r)epstopdf for TeX Live
))
Package hyperref Info: Link coloring OFF on input line 5.

Package pgfplots notification 'compat/show suggested version=true': document has been generated with the most recent feature set (\pgfplotsset{compat=1.18}).

\c@lstlisting=\count477
Package biblatex Info: Trying to load language 'english'...
Package biblatex Info: ... file 'english.lbx' found.
(/Users/alnourkhalifa/Library/TinyTeX/texmf-dist/tex/latex/biblatex/lbx/english.lbx
File: english.lbx 2025/07/10 v3.21 biblatex localization (PK/MW)
)
Package biblatex Info: Input encoding 'utf8' detected.
Package biblatex Info: Automatic encoding selection.
(biblatex)             Assuming data encoding 'utf8'.
\openout4 = `main.bcf'.

Package biblatex Info: Trying to load bibliographic data...
Package biblatex Info: ... file 'main.bbl' not found.

No file main.bbl.
Package biblatex Info: Reference section=0 on input line 5.
Package biblatex Info: Reference segment=0 on input line 5.
(./frontmatter.tex [1



{/Users/alnourkhalifa/Library/TinyTeX/texmf-var/fonts/map/pdftex/updmap/pdftex.map}{/Users/alnourkhalifa/Library/TinyTeX/texmf-dist/fonts/enc/dvips/lm/lm-ec.enc}]
LaTeX Font Info:    Trying to load font information for TS1+lmr on input line 23.
 (/Users/alnourkhalifa/Library/TinyTeX/texmf-dist/tex/latex/lm/ts1lmr.fd
File: ts1lmr.fd 2015/05/01 v1.6.1 Font defs for Latin Modern
) [2

{/Users/alnourkhalifa/Library/TinyTeX/texmf-dist/fonts/enc/dvips/lm/lm-ts1.enc}]
No file main.toc.
\tf@toc=\write5
\openout5 = `main.toc'.

[3


])

Package fancyhdr Warning: \headheight is too small (12.0pt): 
(fancyhdr)                Make it at least 13.59999pt, for example:
(fancyhdr)                \setlength{\headheight}{13.59999pt}.
(fancyhdr)                You might also make \topmargin smaller:
(fancyhdr)                \addtolength{\topmargin}{-1.59999pt}.

[4


] (./summary.tex
Chapter 1.

Overfull \hbox (9.59505pt too wide) in paragraph at lines 1--1
|\T1/lmr/bx/n/24.88 Introduction: What is Ku-ber-netes and
 []

(./figures/figS_1.tex

! LaTeX Error: Not allowed in LR mode.

See the LaTeX manual or LaTeX Companion for explanation.
Type  H <return>  for immediate help.
 ...                                              
                                                  
l.4     {\textbf{Ch 1}\\\scriptsize
                                    Building Blocks};
You've lost some text.  Try typing  <return>  to proceed.
If that doesn't work, type  X <return>  to quit.


! LaTeX Error: Not allowed in LR mode.

See the LaTeX manual or LaTeX Companion for explanation.
Type  H <return>  for immediate help.
 ...                                              
                                                  
l.6     {\textbf{Ch 2}\\\scriptsize
                                    Micro Revolution};
You've lost some text.  Try typing  <return>  to proceed.
If that doesn't work, type  X <return>  to quit.


! LaTeX Error: Not allowed in LR mode.

See the LaTeX manual or LaTeX Companion for explanation.
Type  H <return>  for immediate help.
 ...                                              
                                                  
l.8     {\textbf{Ch 3}\\\scriptsize
                                    VM Takes Over};
You've lost some text.  Try typing  <return>  to proceed.
If that doesn't work, type  X <return>  to quit.


! LaTeX Error: Not allowed in LR mode.

See the LaTeX manual or LaTeX Companion for explanation.
Type  H <return>  for immediate help.
 ...                                              
                                                  
l.10     {\textbf{Ch 4}\\\scriptsize
                                     Hardware Truth};
You've lost some text.  Try typing  <return>  to proceed.
If that doesn't work, type  X <return>  to quit.


! LaTeX Error: Not allowed in LR mode.

See the LaTeX manual or LaTeX Companion for explanation.
Type  H <return>  for immediate help.
 ...                                              
                                                  
l.12     {\textbf{Ch 5}\\\scriptsize
                                     The Conductor};
You've lost some text.  Try typing  <return>  to proceed.
If that doesn't work, type  X <return>  to quit.


! LaTeX Error: Not allowed in LR mode.

See the LaTeX manual or LaTeX Companion for explanation.
Type  H <return>  for immediate help.
 ...                                              
                                                  
l.14     {\textbf{Ch 6}\\\scriptsize
                                     Extensibility};
You've lost some text.  Try typing  <return>  to proceed.
If that doesn't work, type  X <return>  to quit.


! LaTeX Error: Not allowed in LR mode.

See the LaTeX manual or LaTeX Companion for explanation.
Type  H <return>  for immediate help.
 ...                                              
                                                  
l.16     {\textbf{Concl.}\\\scriptsize
                                       Future};
You've lost some text.  Try typing  <return>  to proceed.
If that doesn't work, type  X <return>  to quit.

)
Overfull \hbox (236.849pt too wide) in paragraph at lines 24--13
 [][] 
 []

) (./ch1.tex [1

]
Chapter 2.
(./figures/fig1_1.tex) [2

] (./figures/fig1_2.tex)
LaTeX Font Info:    Trying to load font information for T1+lmtt on input line 58.
 (/Users/alnourkhalifa/Library/TinyTeX/texmf-dist/tex/latex/lm/t1lmtt.fd
File: t1lmtt.fd 2015/05/01 v1.6.1 Font defs for Latin Modern
)

Package fancyhdr Warning: \headheight is too small (12.0pt): 
(fancyhdr)                Make it at least 13.59999pt, for example:
(fancyhdr)                \setlength{\headheight}{13.59999pt}.
(fancyhdr)                You might also make \topmargin smaller:
(fancyhdr)                \addtolength{\topmargin}{-1.59999pt}.

[3] (./figures/fig1_3.tex)

Package fancyhdr Warning: \headheight is too small (12.0pt): 
(fancyhdr)                Make it at least 13.59999pt, for example:
(fancyhdr)                \setlength{\headheight}{13.59999pt}.
(fancyhdr)                You might also make \topmargin smaller:
(fancyhdr)                \addtolength{\topmargin}{-1.59999pt}.

[4] (./figures/fig1_4.tex)) (./ch2.tex

Package fancyhdr Warning: \headheight is too small (12.0pt): 
(fancyhdr)                Make it at least 13.59999pt, for example:
(fancyhdr)                \setlength{\headheight}{13.59999pt}.
(fancyhdr)                You might also make \topmargin smaller:
(fancyhdr)                \addtolength{\topmargin}{-1.59999pt}.

[5]

Package fancyhdr Warning: \headheight is too small (12.0pt): 
(fancyhdr)                Make it at least 13.59999pt, for example:
(fancyhdr)                \setlength{\headheight}{13.59999pt}.
(fancyhdr)                You might also make \topmargin smaller:
(fancyhdr)                \addtolength{\topmargin}{-1.59999pt}.

[6]
Chapter 3.
[7

] (./figures/fig2_1.tex)
Overfull \hbox (45.01486pt too wide) in paragraph at lines 41--45
 [][] 
 []


Package fancyhdr Warning: \headheight is too small (12.0pt): 
(fancyhdr)                Make it at least 13.59999pt, for example:
(fancyhdr)                \setlength{\headheight}{13.59999pt}.
(fancyhdr)                You might also make \topmargin smaller:
(fancyhdr)                \addtolength{\topmargin}{-1.59999pt}.

[8] (./figures/fig2_2.tex
LaTeX Font Info:    Trying to load font information for OT1+lmr on input line 16.
 (/Users/alnourkhalifa/Library/TinyTeX/texmf-dist/tex/latex/lm/ot1lmr.fd
File: ot1lmr.fd 2015/05/01 v1.6.1 Font defs for Latin Modern
)
LaTeX Font Info:    Trying to load font information for OML+lmm on input line 16.
 (/Users/alnourkhalifa/Library/TinyTeX/texmf-dist/tex/latex/lm/omllmm.fd
File: omllmm.fd 2015/05/01 v1.6.1 Font defs for Latin Modern
)
LaTeX Font Info:    Trying to load font information for OMS+lmsy on input line 16.
 (/Users/alnourkhalifa/Library/TinyTeX/texmf-dist/tex/latex/lm/omslmsy.fd
File: omslmsy.fd 2015/05/01 v1.6.1 Font defs for Latin Modern
)
LaTeX Font Info:    Trying to load font information for OMX+lmex on input line 16.
 (/Users/alnourkhalifa/Library/TinyTeX/texmf-dist/tex/latex/lm/omxlmex.fd
File: omxlmex.fd 2015/05/01 v1.6.1 Font defs for Latin Modern
)
LaTeX Font Info:    External font `lmex10' loaded for size
(Font)              <8> on input line 16.
LaTeX Font Info:    External font `lmex10' loaded for size
(Font)              <6> on input line 16.
LaTeX Font Info:    External font `lmex10' loaded for size
(Font)              <5> on input line 16.
LaTeX Font Info:    Trying to load font information for U+msa on input line 16.
 (/Users/alnourkhalifa/Library/TinyTeX/texmf-dist/tex/latex/amsfonts/umsa.fd
File: umsa.fd 2013/01/14 v3.01 AMS symbols A
)
LaTeX Font Info:    Trying to load font information for U+msb on input line 16.
 (/Users/alnourkhalifa/Library/TinyTeX/texmf-dist/tex/latex/amsfonts/umsb.fd
File: umsb.fd 2013/01/14 v3.01 AMS symbols B
)

! Package pgf Error: Unknown arrow tip kind 'Stealth'.

See the pgf package documentation for explanation.
Type  H <return>  for immediate help.
 ...                                              
                                                  
l.21   \draw[darr, k8sgreen]
                             (s_ui) -- (s_cat);
This error message was generated by an \errmessage
command, so I can't give any explicit help.
Pretend that you're Hercule Poirot: Examine all clues,
and deduce the truth by order and method.

Missing character: There is no [ in font nullfont!
Missing character: There is no ] in font nullfont!
Missing character: There is no p in font nullfont!
Missing character: There is no g in font nullfont!
Missing character: There is no f in font nullfont!
Missing character: There is no @ in font nullfont!
Missing character: There is no s in font nullfont!
Missing character: There is no t in font nullfont!
Missing character: There is no o in font nullfont!
Missing character: There is no p in font nullfont!

! Package pgf Error: Unknown arrow tip kind 'Stealth'.

See the pgf package documentation for explanation.
Type  H <return>  for immediate help.
 ...                                              
                                                  
l.22   \draw[darr, k8sgreen]
                             (s_ui) -- (s_cart);
(That was another \errmessage.)

Missing character: There is no [ in font nullfont!
Missing character: There is no ] in font nullfont!
Missing character: There is no p in font nullfont!
Missing character: There is no g in font nullfont!
Missing character: There is no f in font nullfont!
Missing character: There is no @ in font nullfont!
Missing character: There is no s in font nullfont!
Missing character: There is no t in font nullfont!
Missing character: There is no o in font nullfont!
Missing character: There is no p in font nullfont!

! Package pgf Error: Unknown arrow tip kind 'Stealth'.

See the pgf package documentation for explanation.
Type  H <return>  for immediate help.
 ...                                              
                                                  
l.23   \draw[darr, k8sred]
                             (s_ui) -- (s_bill);
(That was another \errmessage.)

Missing character: There is no [ in font nullfont!
Missing character: There is no ] in font nullfont!
Missing character: There is no p in font nullfont!
Missing character: There is no g in font nullfont!
Missing character: There is no f in font nullfont!
Missing character: There is no @ in font nullfont!
Missing character: There is no s in font nullfont!
Missing character: There is no t in font nullfont!
Missing character: There is no o in font nullfont!
Missing character: There is no p in font nullfont!

! Package pgf Error: Unknown arrow tip kind 'Stealth'.

See the pgf package documentation for explanation.
Type  H <return>  for immediate help.
 ...                                              
                                                  
l.24   \draw[darr, k8sgreen]
                             (s_ui) -- (s_rev);
(That was another \errmessage.)

Missing character: There is no [ in font nullfont!
Missing character: There is no ] in font nullfont!
Missing character: There is no p in font nullfont!
Missing character: There is no g in font nullfont!
Missing character: There is no f in font nullfont!
Missing character: There is no @ in font nullfont!
Missing character: There is no s in font nullfont!
Missing character: There is no t in font nullfont!
Missing character: There is no o in font nullfont!
Missing character: There is no p in font nullfont!
)

Package fancyhdr Warning: \headheight is too small (12.0pt): 
(fancyhdr)                Make it at least 13.59999pt, for example:
(fancyhdr)                \setlength{\headheight}{13.59999pt}.
(fancyhdr)                You might also make \topmargin smaller:
(fancyhdr)                \addtolength{\topmargin}{-1.59999pt}.

[9] (./figures/fig2_3.tex

! Package pgf Error: Unknown arrow tip kind 'Stealth'.

See the pgf package documentation for explanation.
Type  H <return>  for immediate help.
 ...                                              
                                                  
l.17   \draw[darr]
                   (api) -- (sched);
(That was another \errmessage.)

Missing character: There is no [ in font nullfont!
Missing character: There is no ] in font nullfont!
Missing character: There is no p in font nullfont!
Missing character: There is no g in font nullfont!
Missing character: There is no f in font nullfont!
Missing character: There is no @ in font nullfont!
Missing character: There is no s in font nullfont!
Missing character: There is no t in font nullfont!
Missing character: There is no o in font nullfont!
Missing character: There is no p in font nullfont!

! Package pgf Error: Unknown arrow tip kind 'Stealth'.

See the pgf package documentation for explanation.
Type  H <return>  for immediate help.
 ...                                              
                                                  
l.18   \draw[darr]
                   (api) -- (cm);
(That was another \errmessage.)

Missing character: There is no [ in font nullfont!
Missing character: There is no ] in font nullfont!
Missing character: There is no p in font nullfont!
Missing character: There is no g in font nullfont!
Missing character: There is no f in font nullfont!
Missing character: There is no @ in font nullfont!
Missing character: There is no s in font nullfont!
Missing character: There is no t in font nullfont!
Missing character: There is no o in font nullfont!
Missing character: There is no p in font nullfont!

! Package pgf Error: Unknown arrow tip kind 'Stealth'.

See the pgf package documentation for explanation.
Type  H <return>  for immediate help.
 ...                                              
                                                  
l.19   \draw[darr]
                   (api) -- (etcd);
(That was another \errmessage.)

Missing character: There is no [ in font nullfont!
Missing character: There is no ] in font nullfont!
Missing character: There is no p in font nullfont!
Missing character: There is no g in font nullfont!
Missing character: There is no f in font nullfont!
Missing character: There is no @ in font nullfont!
Missing character: There is no s in font nullfont!
Missing character: There is no t in font nullfont!
Missing character: There is no o in font nullfont!
Missing character: There is no p in font nullfont!
)) (./ch3.tex

Package fancyhdr Warning: \headheight is too small (12.0pt): 
(fancyhdr)                Make it at least 13.59999pt, for example:
(fancyhdr)                \setlength{\headheight}{13.59999pt}.
(fancyhdr)                You might also make \topmargin smaller:
(fancyhdr)                \addtolength{\topmargin}{-1.59999pt}.

[10]
Chapter 4.
(./figures/fig3_1.tex
Package pgfplots info on input line 15: Using 'lua backend=false' for axis: x coord trafo unsupported.
LaTeX Font Info:    External font `lmex10' loaded for size
(Font)              <10.95> on input line 18.
LaTeX Font Info:    External font `lmex10' loaded for size
(Font)              <10> on input line 18.
LaTeX Font Info:    External font `lmex10' loaded for size
(Font)              <7> on input line 18.
) [11

{/Users/alnourkhalifa/Library/TinyTeX/texmf-dist/fonts/enc/dvips/lm/lm-rm.enc}] (./figures/fig3_2.tex) (./figures/fig3_3.tex

! LaTeX Error: Not allowed in LR mode.

See the LaTeX manual or LaTeX Companion for explanation.
Type  H <return>  for immediate help.
 ...                                              
                                                  
l.4 ...anblue, minimum width=2.5cm] (vm1) {VM 1\\(
                                                  Guest OS + App)};
You've lost some text.  Try typing  <return>  to proceed.
If that doesn't work, type  X <return>  to quit.


! LaTeX Error: Not allowed in LR mode.

See the LaTeX manual or LaTeX Companion for explanation.
Type  H <return>  for immediate help.
 ...                                              
                                                  
l.5 ...m width=2.5cm, right=of vm1] (vm2) {VM 2\\(
                                                  Guest OS + App)};
You've lost some text.  Try typing  <return>  to proceed.
If that doesn't work, type  X <return>  to quit.


! LaTeX Error: Not allowed in LR mode.

See the LaTeX manual or LaTeX Companion for explanation.
Type  H <return>  for immediate help.
 ...                                              
                                                  
l.6 ...m width=2.5cm, right=of vm2] (vm3) {VM 3\\(
                                                  Guest OS + App)};
You've lost some text.  Try typing  <return>  to proceed.
If that doesn't work, type  X <return>  to quit.


! LaTeX Error: Not allowed in LR mode.

See the LaTeX manual or LaTeX Companion for explanation.
Type  H <return>  for immediate help.
 ...                                              
                                                  
l.15 ...of qemu, xshift=-2cm] (kvm) {KVM Module\\C
                                                  PU \& Mem Virt.};
You've lost some text.  Try typing  <return>  to proceed.
If that doesn't work, type  X <return>  to quit.

! Missing } inserted.
<inserted text> 
                }
l.15 ...of qemu, xshift=-2cm] (kvm) {KVM Module\\C
                                                  PU \& Mem Virt.};
I've inserted something that you may have forgotten.
(See the <inserted text> above.)
With luck, this will get me unwedged. But if you
really didn't forget anything, try typing `2' now; then
my insertion and my current dilemma will both disappear.


! Package tikz Error: Giving up on this path. Did you forget a semicolon?.

See the tikz package documentation for explanation.
Type  H <return>  for immediate help.
 ...                                              
                                                  
l.15 ...of qemu, xshift=-2cm] (kvm) {KVM Module\\C
                                                  PU \& Mem Virt.};
(That was another \errmessage.)

! Missing \endgroup inserted.
<inserted text> 
                \endgroup 
l.15 ...of qemu, xshift=-2cm] (kvm) {KVM Module\\C
                                                  PU \& Mem Virt.};
I've inserted something that you may have forgotten.
(See the <inserted text> above.)
With luck, this will get me unwedged. But if you
really didn't forget anything, try typing `2' now; then
my insertion and my current dilemma will both disappear.

! Undefined control sequence.
<recently read> \tikz@expand@last@token@ 
                                         
l.15 ...of qemu, xshift=-2cm] (kvm) {KVM Module\\C
                                                  PU \& Mem Virt.};
The control sequence at the end of the top line
of your error message was never \def'ed. If you have
misspelled it (e.g., `\hobx'), type `I' and the correct
spelling (e.g., `I\hbox'). Otherwise just continue,
and I'll forget about whatever was undefined.

! Missing number, treated as zero.
<to be read again> 
                   \let 
l.15 ...of qemu, xshift=-2cm] (kvm) {KVM Module\\C
                                                  PU \& Mem Virt.};
A number should have been here; I inserted `0'.
(If you can't figure out why I needed to see a number,
look up `weird error' in the index to The TeXbook.)

! Illegal unit of measure (pt inserted).
<to be read again> 
                   \let 
l.15 ...of qemu, xshift=-2cm] (kvm) {KVM Module\\C
                                                  PU \& Mem Virt.};
Dimensions can be in units of em, ex, in, pt, pc,
cm, mm, dd, cc, nd, nc, bp, or sp; but yours is a new one!
I'll assume that you meant to say pt, for printer's points.
To recover gracefully from this error, it's best to
delete the erroneous units; e.g., type `2' to delete
two letters. (See Chapter 27 of The TeXbook.)

Missing character: There is no C in font nullfont!
Missing character: There is no P in font nullfont!
Missing character: There is no U in font nullfont!
Missing character: There is no & in font nullfont!
Missing character: There is no M in font nullfont!
Missing character: There is no e in font nullfont!
Missing character: There is no m in font nullfont!
Missing character: There is no V in font nullfont!
Missing character: There is no i in font nullfont!
Missing character: There is no r in font nullfont!
Missing character: There is no t in font nullfont!
Missing character: There is no . in font nullfont!
! Extra }, or forgotten \endgroup.
l.15 ...-2cm] (kvm) {KVM Module\\CPU \& Mem Virt.}
                                                  ;
I've deleted a group-closing symbol because it seems to be
spurious, as in `$x}$'. But perhaps the } is legitimate and
you forgot something else, as in `\hbox{$x}'. In such cases
the way to recover is to insert both the forgotten and the
deleted material, e.g., by typing `I$}'.

Missing character: There is no ; in font nullfont!

! LaTeX Error: Not allowed in LR mode.

See the LaTeX manual or LaTeX Companion for explanation.
Type  H <return>  for immediate help.
 ...                                              
                                                  
l.16 ...2cm, right=0.4cm of kvm] (sched) {Linux\\S
                                                  cheduler};
You've lost some text.  Try typing  <return>  to proceed.
If that doesn't work, type  X <return>  to quit.

! Missing } inserted.
<inserted text> 
                }
l.16 ...2cm, right=0.4cm of kvm] (sched) {Linux\\S
                                                  cheduler};
I've inserted something that you may have forgotten.
(See the <inserted text> above.)
With luck, this will get me unwedged. But if you
really didn't forget anything, try typing `2' now; then
my insertion and my current dilemma will both disappear.


! Package tikz Error: Giving up on this path. Did you forget a semicolon?.

See the tikz package documentation for explanation.
Type  H <return>  for immediate help.
 ...                                              
                                                  
l.16 ...2cm, right=0.4cm of kvm] (sched) {Linux\\S
                                                  cheduler};
(That was another \errmessage.)

! Missing \endgroup inserted.
<inserted text> 
                \endgroup 
l.16 ...2cm, right=0.4cm of kvm] (sched) {Linux\\S
                                                  cheduler};
I've inserted something that you may have forgotten.
(See the <inserted text> above.)
With luck, this will get me unwedged. But if you
really didn't forget anything, try typing `2' now; then
my insertion and my current dilemma will both disappear.

! Undefined control sequence.
<recently read> \tikz@expand@last@token@ 
                                         
l.16 ...2cm, right=0.4cm of kvm] (sched) {Linux\\S
                                                  cheduler};
The control sequence at the end of the top line
of your error message was never \def'ed. If you have
misspelled it (e.g., `\hobx'), type `I' and the correct
spelling (e.g., `I\hbox'). Otherwise just continue,
and I'll forget about whatever was undefined.

! Missing number, treated as zero.
<to be read again> 
                   \let 
l.16 ...2cm, right=0.4cm of kvm] (sched) {Linux\\S
                                                  cheduler};
A number should have been here; I inserted `0'.
(If you can't figure out why I needed to see a number,
look up `weird error' in the index to The TeXbook.)

! Illegal unit of measure (pt inserted).
<to be read again> 
                   \let 
l.16 ...2cm, right=0.4cm of kvm] (sched) {Linux\\S
                                                  cheduler};
Dimensions can be in units of em, ex, in, pt, pc,
cm, mm, dd, cc, nd, nc, bp, or sp; but yours is a new one!
I'll assume that you meant to say pt, for printer's points.
To recover gracefully from this error, it's best to
delete the erroneous units; e.g., type `2' to delete
two letters. (See Chapter 27 of The TeXbook.)

Missing character: There is no S in font nullfont!
Missing character: There is no c in font nullfont!
Missing character: There is no h in font nullfont!
Missing character: There is no e in font nullfont!
Missing character: There is no d in font nullfont!
Missing character: There is no u in font nullfont!
Missing character: There is no l in font nullfont!
Missing character: There is no e in font nullfont!
Missing character: There is no r in font nullfont!
! Extra }, or forgotten \endgroup.
l.16 ...t=0.4cm of kvm] (sched) {Linux\\Scheduler}
                                                  ;
I've deleted a group-closing symbol because it seems to be
spurious, as in `$x}$'. But perhaps the } is legitimate and
you forgot something else, as in `\hbox{$x}'. In such cases
the way to recover is to insert both the forgotten and the
deleted material, e.g., by typing `I$}'.

Missing character: There is no ; in font nullfont!

! LaTeX Error: Not allowed in LR mode.

See the LaTeX manual or LaTeX Companion for explanation.
Type  H <return>  for immediate help.
 ...                                              
                                                  
l.17 ...cm, right=0.4cm of sched] (mem) {Memory\\M
                                                  anagement};
You've lost some text.  Try typing  <return>  to proceed.
If that doesn't work, type  X <return>  to quit.

! Missing } inserted.
<inserted text> 
                }
l.17 ...cm, right=0.4cm of sched] (mem) {Memory\\M
                                                  anagement};
I've inserted something that you may have forgotten.
(See the <inserted text> above.)
With luck, this will get me unwedged. But if you
really didn't forget anything, try typing `2' now; then
my insertion and my current dilemma will both disappear.


! Package tikz Error: Giving up on this path. Did you forget a semicolon?.

See the tikz package documentation for explanation.
Type  H <return>  for immediate help.
 ...                                              
                                                  
l.17 ...cm, right=0.4cm of sched] (mem) {Memory\\M
                                                  anagement};
(That was another \errmessage.)

! Missing \endgroup inserted.
<inserted text> 
                \endgroup 
l.17 ...cm, right=0.4cm of sched] (mem) {Memory\\M
                                                  anagement};
I've inserted something that you may have forgotten.
(See the <inserted text> above.)
With luck, this will get me unwedged. But if you
really didn't forget anything, try typing `2' now; then
my insertion and my current dilemma will both disappear.

! Undefined control sequence.
<recently read> \tikz@expand@last@token@ 
                                         
l.17 ...cm, right=0.4cm of sched] (mem) {Memory\\M
                                                  anagement};
The control sequence at the end of the top line
of your error message was never \def'ed. If you have
misspelled it (e.g., `\hobx'), type `I' and the correct
spelling (e.g., `I\hbox'). Otherwise just continue,
and I'll forget about whatever was undefined.

! Missing number, treated as zero.
<to be read again> 
                   \let 
l.17 ...cm, right=0.4cm of sched] (mem) {Memory\\M
                                                  anagement};
A number should have been here; I inserted `0'.
(If you can't figure out why I needed to see a number,
look up `weird error' in the index to The TeXbook.)

! Illegal unit of measure (pt inserted).
<to be read again> 
                   \let 
l.17 ...cm, right=0.4cm of sched] (mem) {Memory\\M
                                                  anagement};
Dimensions can be in units of em, ex, in, pt, pc,
cm, mm, dd, cc, nd, nc, bp, or sp; but yours is a new one!
I'll assume that you meant to say pt, for printer's points.
To recover gracefully from this error, it's best to
delete the erroneous units; e.g., type `2' to delete
two letters. (See Chapter 27 of The TeXbook.)

Missing character: There is no M in font nullfont!
Missing character: There is no a in font nullfont!
Missing character: There is no n in font nullfont!
Missing character: There is no a in font nullfont!
Missing character: There is no g in font nullfont!
Missing character: There is no e in font nullfont!
Missing character: There is no m in font nullfont!
Missing character: There is no e in font nullfont!
Missing character: There is no n in font nullfont!
Missing character: There is no t in font nullfont!
! Extra }, or forgotten \endgroup.
l.17 ...0.4cm of sched] (mem) {Memory\\Management}
                                                  ;
I've deleted a group-closing symbol because it seems to be
spurious, as in `$x}$'. But perhaps the } is legitimate and
you forgot something else, as in `\hbox{$x}'. In such cases
the way to recover is to insert both the forgotten and the
deleted material, e.g., by typing `I$}'.

Missing character: There is no ; in font nullfont!
! Undefined control sequence.
\pgfsys@call@end ->\pgfsys@end@save 
                                    \pgfsys@endscope 
l.34 \end{tikzpicture}
                      
The control sequence at the end of the top line
of your error message was never \def'ed. If you have
misspelled it (e.g., `\hobx'), type `I' and the correct
spelling (e.g., `I\hbox'). Otherwise just continue,
and I'll forget about whatever was undefined.

! Missing } inserted.
<inserted text> 
                }
l.34 \end{tikzpicture}
                      
I've inserted something that you may have forgotten.
(See the <inserted text> above.)
With luck, this will get me unwedged. But if you
really didn't forget anything, try typing `2' now; then
my insertion and my current dilemma will both disappear.

! Undefined control sequence.
\endpgfscope ...pgflinewidth =\pgfscope@linewidth 
                                                  \global \let \pgf@strokeco...
l.34 \end{tikzpicture}
                      
The control sequence at the end of the top line
of your error message was never \def'ed. If you have
misspelled it (e.g., `\hobx'), type `I' and the correct
spelling (e.g., `I\hbox'). Otherwise just continue,
and I'll forget about whatever was undefined.

! Missing number, treated as zero.
<to be read again> 
                   \global 
l.34 \end{tikzpicture}
                      
A number should have been here; I inserted `0'.
(If you can't figure out why I needed to see a number,
look up `weird error' in the index to The TeXbook.)

! Illegal unit of measure (pt inserted).
<to be read again> 
                   \global 
l.34 \end{tikzpicture}
                      
Dimensions can be in units of em, ex, in, pt, pc,
cm, mm, dd, cc, nd, nc, bp, or sp; but yours is a new one!
I'll assume that you meant to say pt, for printer's points.
To recover gracefully from this error, it's best to
delete the erroneous units; e.g., type `2' to delete
two letters. (See Chapter 27 of The TeXbook.)

! Missing } inserted.
<inserted text> 
                }
l.34 \end{tikzpicture}
                      
I've inserted something that you may have forgotten.
(See the <inserted text> above.)
With luck, this will get me unwedged. But if you
really didn't forget anything, try typing `2' now; then
my insertion and my current dilemma will both disappear.


! LaTeX Error: \begin{document} ended by \end{tikzpicture}.

See the LaTeX manual or LaTeX Companion for explanation.
Type  H <return>  for immediate help.
 ...                                              
                                                  
l.34 \end{tikzpicture}
                      
Your command was ignored.
Type  I <command> <return>  to replace it with another command,
or  <return>  to continue without it.

! Extra \endgroup.
\end  ...end#1\endcsname \@checkend {#1}\endgroup 
                                                  \UseHook {env/#1/after}\if...
l.34 \end{tikzpicture}
                      
Things are pretty mixed up, but I think the worst is over.

)

! LaTeX Error: \caption outside float.

See the LaTeX manual or LaTeX Companion for explanation.
Type  H <return>  for immediate help.
 ...                                              
                                                  
l.63 \caption
             {KVM architecture. VMs run as standard Linux processes. QEMU ha...
You're in trouble here.  Try typing  <return>  to proceed.
If that doesn't work, type  X <return>  to quit.


Package fancyhdr Warning: \headheight is too small (12.0pt): 
(fancyhdr)                Make it at least 13.59999pt, for example:
(fancyhdr)                \setlength{\headheight}{13.59999pt}.
(fancyhdr)                You might also make \topmargin smaller:
(fancyhdr)                \addtolength{\topmargin}{-1.59999pt}.

[12]
! Too many }'s.
\@endfloatbox ...pagefalse \outer@nobreak \egroup 
                                                  \color@endbox 
l.65 \end{figure}
                 
You've closed more groups than you opened.
Such booboos are generally harmless, so keep going.

! Extra \endgroup.
\color@endgroup ->\endgraf \@endpefalse \endgroup 
                                                  
l.65 \end{figure}
                 
Things are pretty mixed up, but I think the worst is over.

! Too many }'s.
\color@endbox ->\color@endgroup \egroup 
                                        
l.65 \end{figure}
                 
You've closed more groups than you opened.
Such booboos are generally harmless, so keep going.


! LaTeX Error: \begin{document} ended by \end{figure}.

See the LaTeX manual or LaTeX Companion for explanation.
Type  H <return>  for immediate help.
 ...                                              
                                                  
l.65 \end{figure}
                 
Your command was ignored.
Type  I <command> <return>  to replace it with another command,
or  <return>  to continue without it.

! Extra \endgroup.
\end  ...end#1\endcsname \@checkend {#1}\endgroup 
                                                  \UseHook {env/#1/after}\if...
l.65 \end{figure}
                 
Things are pretty mixed up, but I think the worst is over.

(./figures/fig3_4.tex)) (./ch4.tex

Package fancyhdr Warning: \headheight is too small (12.0pt): 
(fancyhdr)                Make it at least 13.59999pt, for example:
(fancyhdr)                \setlength{\headheight}{13.59999pt}.
(fancyhdr)                You might also make \topmargin smaller:
(fancyhdr)                \addtolength{\topmargin}{-1.59999pt}.

[13]
Chapter 5.
(./figures/fig4_1.tex
Package pgfplots info on input line 15: Using 'lua backend=false' for axis: x coord trafo unsupported.
) [14

{/Users/alnourkhalifa/Library/TinyTeX/texmf-dist/fonts/enc/dvips/lm/lm-mathit.enc}{/Users/alnourkhalifa/Library/TinyTeX/texmf-dist/fonts/enc/dvips/lm/lm-mathsy.enc}] (./figures/fig4_2.tex

! LaTeX Error: Not allowed in LR mode.

See the LaTeX manual or LaTeX Companion for explanation.
Type  H <return>  for immediate help.
 ...                                              
                                                  
l.4 ... minimum width=2.2cm] (p1) {Named Server\\`
                                                  web-01'};
You've lost some text.  Try typing  <return>  to proceed.
If that doesn't work, type  X <return>  to quit.


! LaTeX Error: Not allowed in LR mode.

See the LaTeX manual or LaTeX Companion for explanation.
Type  H <return>  for immediate help.
 ...                                              
                                                  
l.5 ...idth=2.2cm, right=of p1] (p2) {SSH in \&\\m
                                                  anual repair};
You've lost some text.  Try typing  <return>  to proceed.
If that doesn't work, type  X <return>  to quit.


! LaTeX Error: Not allowed in LR mode.

See the LaTeX manual or LaTeX Companion for explanation.
Type  H <return>  for immediate help.
 ...                                              
                                                  
l.6 ...th=2.2cm, right=of p2] (p3) {Same server\\b
                                                  ack online};
You've lost some text.  Try typing  <return>  to proceed.
If that doesn't work, type  X <return>  to quit.


! LaTeX Error: Not allowed in LR mode.

See the LaTeX manual or LaTeX Companion for explanation.
Type  H <return>  for immediate help.
 ...                                              
                                                  
l.15 ...low=2.5cm of p1] (c1) {Numbered Server\\\#
                                                  4382};
You've lost some text.  Try typing  <return>  to proceed.
If that doesn't work, type  X <return>  to quit.

! Missing } inserted.
<inserted text> 
                }
l.15 ...low=2.5cm of p1] (c1) {Numbered Server\\\#
                                                  4382};
I've inserted something that you may have forgotten.
(See the <inserted text> above.)
With luck, this will get me unwedged. But if you
really didn't forget anything, try typing `2' now; then
my insertion and my current dilemma will both disappear.


! Package tikz Error: Giving up on this path. Did you forget a semicolon?.

See the tikz package documentation for explanation.
Type  H <return>  for immediate help.
 ...                                              
                                                  
l.15 ...low=2.5cm of p1] (c1) {Numbered Server\\\#
                                                  4382};
(That was another \errmessage.)

! Missing \endgroup inserted.
<inserted text> 
                \endgroup 
l.15 ...low=2.5cm of p1] (c1) {Numbered Server\\\#
                                                  4382};
I've inserted something that you may have forgotten.
(See the <inserted text> above.)
With luck, this will get me unwedged. But if you
really didn't forget anything, try typing `2' now; then
my insertion and my current dilemma will both disappear.

! Undefined control sequence.
<recently read> \tikz@expand@last@token@ 
                                         
l.15 ...low=2.5cm of p1] (c1) {Numbered Server\\\#
                                                  4382};
The control sequence at the end of the top line
of your error message was never \def'ed. If you have
misspelled it (e.g., `\hobx'), type `I' and the correct
spelling (e.g., `I\hbox'). Otherwise just continue,
and I'll forget about whatever was undefined.

! Missing number, treated as zero.
<to be read again> 
                   \let 
l.15 ...low=2.5cm of p1] (c1) {Numbered Server\\\#
                                                  4382};
A number should have been here; I inserted `0'.
(If you can't figure out why I needed to see a number,
look up `weird error' in the index to The TeXbook.)

! Illegal unit of measure (pt inserted).
<to be read again> 
                   \let 
l.15 ...low=2.5cm of p1] (c1) {Numbered Server\\\#
                                                  4382};
Dimensions can be in units of em, ex, in, pt, pc,
cm, mm, dd, cc, nd, nc, bp, or sp; but yours is a new one!
I'll assume that you meant to say pt, for printer's points.
To recover gracefully from this error, it's best to
delete the erroneous units; e.g., type `2' to delete
two letters. (See Chapter 27 of The TeXbook.)

Missing character: There is no # in font nullfont!
Missing character: There is no 4 in font nullfont!
Missing character: There is no 3 in font nullfont!
Missing character: There is no 8 in font nullfont!
Missing character: There is no 2 in font nullfont!
! Extra }, or forgotten \endgroup.
l.15 ....5cm of p1] (c1) {Numbered Server\\\#4382}
                                                  ;
I've deleted a group-closing symbol because it seems to be
spurious, as in `$x}$'. But perhaps the } is legitimate and
you forgot something else, as in `\hbox{$x}'. In such cases
the way to recover is to insert both the forgotten and the
deleted material, e.g., by typing `I$}'.

Missing character: There is no ; in font nullfont!

! LaTeX Error: Not allowed in LR mode.

See the LaTeX manual or LaTeX Companion for explanation.
Type  H <return>  for immediate help.
 ...                                              
                                                  
l.16 ...dth=2.2cm, right=of c1] (c2) {Terminate\\a
                                                  utomatically};
You've lost some text.  Try typing  <return>  to proceed.
If that doesn't work, type  X <return>  to quit.

! Missing } inserted.
<inserted text> 
                }
l.16 ...dth=2.2cm, right=of c1] (c2) {Terminate\\a
                                                  utomatically};
I've inserted something that you may have forgotten.
(See the <inserted text> above.)
With luck, this will get me unwedged. But if you
really didn't forget anything, try typing `2' now; then
my insertion and my current dilemma will both disappear.


! Package tikz Error: Giving up on this path. Did you forget a semicolon?.

See the tikz package documentation for explanation.
Type  H <return>  for immediate help.
 ...                                              
                                                  
l.16 ...dth=2.2cm, right=of c1] (c2) {Terminate\\a
                                                  utomatically};
(That was another \errmessage.)

! Missing \endgroup inserted.
<inserted text> 
                \endgroup 
l.16 ...dth=2.2cm, right=of c1] (c2) {Terminate\\a
                                                  utomatically};
I've inserted something that you may have forgotten.
(See the <inserted text> above.)
With luck, this will get me unwedged. But if you
really didn't forget anything, try typing `2' now; then
my insertion and my current dilemma will both disappear.

! Undefined control sequence.
<recently read> \tikz@expand@last@token@ 
                                         
l.16 ...dth=2.2cm, right=of c1] (c2) {Terminate\\a
                                                  utomatically};
The control sequence at the end of the top line
of your error message was never \def'ed. If you have
misspelled it (e.g., `\hobx'), type `I' and the correct
spelling (e.g., `I\hbox'). Otherwise just continue,
and I'll forget about whatever was undefined.

! Missing number, treated as zero.
<to be read again> 
                   \let 
l.16 ...dth=2.2cm, right=of c1] (c2) {Terminate\\a
                                                  utomatically};
A number should have been here; I inserted `0'.
(If you can't figure out why I needed to see a number,
look up `weird error' in the index to The TeXbook.)

! Illegal unit of measure (pt inserted).
<to be read again> 
                   \let 
l.16 ...dth=2.2cm, right=of c1] (c2) {Terminate\\a
                                                  utomatically};
Dimensions can be in units of em, ex, in, pt, pc,
cm, mm, dd, cc, nd, nc, bp, or sp; but yours is a new one!
I'll assume that you meant to say pt, for printer's points.
To recover gracefully from this error, it's best to
delete the erroneous units; e.g., type `2' to delete
two letters. (See Chapter 27 of The TeXbook.)

Missing character: There is no a in font nullfont!
Missing character: There is no u in font nullfont!
Missing character: There is no t in font nullfont!
Missing character: There is no o in font nullfont!
Missing character: There is no m in font nullfont!
Missing character: There is no a in font nullfont!
Missing character: There is no t in font nullfont!
Missing character: There is no i in font nullfont!
Missing character: There is no c in font nullfont!
Missing character: There is no a in font nullfont!
Missing character: There is no l in font nullfont!
Missing character: There is no l in font nullfont!
Missing character: There is no y in font nullfont!
! Extra }, or forgotten \endgroup.
l.16 ...ght=of c1] (c2) {Terminate\\automatically}
                                                  ;
I've deleted a group-closing symbol because it seems to be
spurious, as in `$x}$'. But perhaps the } is legitimate and
you forgot something else, as in `\hbox{$x}'. In such cases
the way to recover is to insert both the forgotten and the
deleted material, e.g., by typing `I$}'.

Missing character: There is no ; in font nullfont!

! LaTeX Error: Not allowed in LR mode.

See the LaTeX manual or LaTeX Companion for explanation.
Type  H <return>  for immediate help.
 ...                                              
                                                  
l.17 ...h=2.2cm, right=of c2] (c3) {New healthy\\s
                                                  erver spun up};
You've lost some text.  Try typing  <return>  to proceed.
If that doesn't work, type  X <return>  to quit.

! Missing } inserted.
<inserted text> 
                }
l.17 ...h=2.2cm, right=of c2] (c3) {New healthy\\s
                                                  erver spun up};
I've inserted something that you may have forgotten.
(See the <inserted text> above.)
With luck, this will get me unwedged. But if you
really didn't forget anything, try typing `2' now; then
my insertion and my current dilemma will both disappear.


! Package tikz Error: Giving up on this path. Did you forget a semicolon?.

See the tikz package documentation for explanation.
Type  H <return>  for immediate help.
 ...                                              
                                                  
l.17 ...h=2.2cm, right=of c2] (c3) {New healthy\\s
                                                  erver spun up};
(That was another \errmessage.)

! Missing \endgroup inserted.
<inserted text> 
                \endgroup 
l.17 ...h=2.2cm, right=of c2] (c3) {New healthy\\s
                                                  erver spun up};
I've inserted something that you may have forgotten.
(See the <inserted text> above.)
With luck, this will get me unwedged. But if you
really didn't forget anything, try typing `2' now; then
my insertion and my current dilemma will both disappear.

! Undefined control sequence.
<recently read> \tikz@expand@last@token@ 
                                         
l.17 ...h=2.2cm, right=of c2] (c3) {New healthy\\s
                                                  erver spun up};
The control sequence at the end of the top line
of your error message was never \def'ed. If you have
misspelled it (e.g., `\hobx'), type `I' and the correct
spelling (e.g., `I\hbox'). Otherwise just continue,
and I'll forget about whatever was undefined.

! Missing number, treated as zero.
<to be read again> 
                   \let 
l.17 ...h=2.2cm, right=of c2] (c3) {New healthy\\s
                                                  erver spun up};
A number should have been here; I inserted `0'.
(If you can't figure out why I needed to see a number,
look up `weird error' in the index to The TeXbook.)

! Illegal unit of measure (pt inserted).
<to be read again> 
                   \let 
l.17 ...h=2.2cm, right=of c2] (c3) {New healthy\\s
                                                  erver spun up};
Dimensions can be in units of em, ex, in, pt, pc,
cm, mm, dd, cc, nd, nc, bp, or sp; but yours is a new one!
I'll assume that you meant to say pt, for printer's points.
To recover gracefully from this error, it's best to
delete the erroneous units; e.g., type `2' to delete
two letters. (See Chapter 27 of The TeXbook.)

Missing character: There is no s in font nullfont!
Missing character: There is no e in font nullfont!
Missing character: There is no r in font nullfont!
Missing character: There is no v in font nullfont!
Missing character: There is no e in font nullfont!
Missing character: There is no r in font nullfont!
Missing character: There is no s in font nullfont!
Missing character: There is no p in font nullfont!
Missing character: There is no u in font nullfont!
Missing character: There is no n in font nullfont!
Missing character: There is no u in font nullfont!
Missing character: There is no p in font nullfont!
! Extra }, or forgotten \endgroup.
l.17 ...=of c2] (c3) {New healthy\\server spun up}
                                                  ;
I've deleted a group-closing symbol because it seems to be
spurious, as in `$x}$'. But perhaps the } is legitimate and
you forgot something else, as in `\hbox{$x}'. In such cases
the way to recover is to insert both the forgotten and the
deleted material, e.g., by typing `I$}'.

Missing character: There is no ; in font nullfont!
! Undefined control sequence.
\pgfsys@call@end ->\pgfsys@end@save 
                                    \pgfsys@endscope 
l.24 \end{tikzpicture}
                      
The control sequence at the end of the top line
of your error message was never \def'ed. If you have
misspelled it (e.g., `\hobx'), type `I' and the correct
spelling (e.g., `I\hbox'). Otherwise just continue,
and I'll forget about whatever was undefined.

! Missing } inserted.
<inserted text> 
                }
l.24 \end{tikzpicture}
                      
I've inserted something that you may have forgotten.
(See the <inserted text> above.)
With luck, this will get me unwedged. But if you
really didn't forget anything, try typing `2' now; then
my insertion and my current dilemma will both disappear.

! Undefined control sequence.
\endpgfscope ...pgflinewidth =\pgfscope@linewidth 
                                                  \global \let \pgf@strokeco...
l.24 \end{tikzpicture}
                      
The control sequence at the end of the top line
of your error message was never \def'ed. If you have
misspelled it (e.g., `\hobx'), type `I' and the correct
spelling (e.g., `I\hbox'). Otherwise just continue,
and I'll forget about whatever was undefined.

! Missing number, treated as zero.
<to be read again> 
                   \global 
l.24 \end{tikzpicture}
                      
A number should have been here; I inserted `0'.
(If you can't figure out why I needed to see a number,
look up `weird error' in the index to The TeXbook.)

! Illegal unit of measure (pt inserted).
<to be read again> 
                   \global 
l.24 \end{tikzpicture}
                      
Dimensions can be in units of em, ex, in, pt, pc,
cm, mm, dd, cc, nd, nc, bp, or sp; but yours is a new one!
I'll assume that you meant to say pt, for printer's points.
To recover gracefully from this error, it's best to
delete the erroneous units; e.g., type `2' to delete
two letters. (See Chapter 27 of The TeXbook.)

! Missing } inserted.
<inserted text> 
                }
l.24 \end{tikzpicture}
                      
I've inserted something that you may have forgotten.
(See the <inserted text> above.)
With luck, this will get me unwedged. But if you
really didn't forget anything, try typing `2' now; then
my insertion and my current dilemma will both disappear.


! LaTeX Error: \begin{document} ended by \end{tikzpicture}.

See the LaTeX manual or LaTeX Companion for explanation.
Type  H <return>  for immediate help.
 ...                                              
                                                  
l.24 \end{tikzpicture}
                      
Your command was ignored.
Type  I <command> <return>  to replace it with another command,
or  <return>  to continue without it.

! Extra \endgroup.
\end  ...end#1\endcsname \@checkend {#1}\endgroup 
                                                  \UseHook {env/#1/after}\if...
l.24 \end{tikzpicture}
                      
Things are pretty mixed up, but I think the worst is over.

)

! LaTeX Error: \caption outside float.

See the LaTeX manual or LaTeX Companion for explanation.
Type  H <return>  for immediate help.
 ...                                              
                                                  
l.41 \caption
             {Pets vs. cattle. The "pets" model treats servers as unique, ir...
You're in trouble here.  Try typing  <return>  to proceed.
If that doesn't work, type  X <return>  to quit.

! Too many }'s.
\@endfloatbox ...pagefalse \outer@nobreak \egroup 
                                                  \color@endbox 
l.43 \end{figure}
                 
You've closed more groups than you opened.
Such booboos are generally harmless, so keep going.

! Extra \endgroup.
\color@endgroup ->\endgraf \@endpefalse \endgroup 
                                                  
l.43 \end{figure}
                 
Things are pretty mixed up, but I think the worst is over.

! Too many }'s.
\color@endbox ->\color@endgroup \egroup 
                                        
l.43 \end{figure}
                 
You've closed more groups than you opened.
Such booboos are generally harmless, so keep going.


! LaTeX Error: \begin{document} ended by \end{figure}.

See the LaTeX manual or LaTeX Companion for explanation.
Type  H <return>  for immediate help.
 ...                                              
                                                  
l.43 \end{figure}
                 
Your command was ignored.
Type  I <command> <return>  to replace it with another command,
or  <return>  to continue without it.

! Extra \endgroup.
\end  ...end#1\endcsname \@checkend {#1}\endgroup 
                                                  \UseHook {env/#1/after}\if...
l.43 \end{figure}
                 
Things are pretty mixed up, but I think the worst is over.


Package fancyhdr Warning: \headheight is too small (12.0pt): 
(fancyhdr)                Make it at least 13.59999pt, for example:
(fancyhdr)                \setlength{\headheight}{13.59999pt}.
(fancyhdr)                You might also make \topmargin smaller:
(fancyhdr)                \addtolength{\topmargin}{-1.59999pt}.

[15] (./figures/fig4_3.tex

! LaTeX Error: Not allowed in LR mode.

See the LaTeX manual or LaTeX Companion for explanation.
Type  H <return>  for immediate help.
 ...                                              
                                                  
l.4 ...e, minimum width=2.8cm] (bm) {BorgMaster\\(
                                                  monolithic)};
You've lost some text.  Try typing  <return>  to proceed.
If that doesn't work, type  X <return>  to quit.


! LaTeX Error: Not allowed in LR mode.

See the LaTeX manual or LaTeX Companion for explanation.
Type  H <return>  for immediate help.
 ...                                              
                                                  
l.6 ...h=1.3cm, right=0.2cm of bs] (bst) {State\\(
                                                  in-memory)};
You've lost some text.  Try typing  <return>  to proceed.
If that doesn't work, type  X <return>  to quit.


! LaTeX Error: Not allowed in LR mode.

See the LaTeX manual or LaTeX Companion for explanation.
Type  H <return>  for immediate help.
 ...                                              
                                                  
l.20 ...cm of bm, yshift=-0.2cm] (os1) {Sched A\\(
                                                  web)};
You've lost some text.  Try typing  <return>  to proceed.
If that doesn't work, type  X <return>  to quit.

! Missing } inserted.
<inserted text> 
                }
l.20 ...cm of bm, yshift=-0.2cm] (os1) {Sched A\\(
                                                  web)};
I've inserted something that you may have forgotten.
(See the <inserted text> above.)
With luck, this will get me unwedged. But if you
really didn't forget anything, try typing `2' now; then
my insertion and my current dilemma will both disappear.


! Package tikz Error: Giving up on this path. Did you forget a semicolon?.

See the tikz package documentation for explanation.
Type  H <return>  for immediate help.
 ...                                              
                                                  
l.20 ...cm of bm, yshift=-0.2cm] (os1) {Sched A\\(
                                                  web)};
(That was another \errmessage.)

! Missing \endgroup inserted.
<inserted text> 
                \endgroup 
l.20 ...cm of bm, yshift=-0.2cm] (os1) {Sched A\\(
                                                  web)};
I've inserted something that you may have forgotten.
(See the <inserted text> above.)
With luck, this will get me unwedged. But if you
really didn't forget anything, try typing `2' now; then
my insertion and my current dilemma will both disappear.

! Undefined control sequence.
<recently read> \tikz@expand@last@token@ 
                                         
l.20 ...cm of bm, yshift=-0.2cm] (os1) {Sched A\\(
                                                  web)};
The control sequence at the end of the top line
of your error message was never \def'ed. If you have
misspelled it (e.g., `\hobx'), type `I' and the correct
spelling (e.g., `I\hbox'). Otherwise just continue,
and I'll forget about whatever was undefined.

! Missing number, treated as zero.
<to be read again> 
                   \let 
l.20 ...cm of bm, yshift=-0.2cm] (os1) {Sched A\\(
                                                  web)};
A number should have been here; I inserted `0'.
(If you can't figure out why I needed to see a number,
look up `weird error' in the index to The TeXbook.)

! Illegal unit of measure (pt inserted).
<to be read again> 
                   \let 
l.20 ...cm of bm, yshift=-0.2cm] (os1) {Sched A\\(
                                                  web)};
Dimensions can be in units of em, ex, in, pt, pc,
cm, mm, dd, cc, nd, nc, bp, or sp; but yours is a new one!
I'll assume that you meant to say pt, for printer's points.
To recover gracefully from this error, it's best to
delete the erroneous units; e.g., type `2' to delete
two letters. (See Chapter 27 of The TeXbook.)

Missing character: There is no ( in font nullfont!
Missing character: There is no w in font nullfont!
Missing character: There is no e in font nullfont!
Missing character: There is no b in font nullfont!
Missing character: There is no ) in font nullfont!
! Extra }, or forgotten \endgroup.
l.20 ... bm, yshift=-0.2cm] (os1) {Sched A\\(web)}
                                                  ;
I've deleted a group-closing symbol because it seems to be
spurious, as in `$x}$'. But perhaps the } is legitimate and
you forgot something else, as in `\hbox{$x}'. In such cases
the way to recover is to insert both the forgotten and the
deleted material, e.g., by typing `I$}'.

Missing character: There is no ; in font nullfont!

! LaTeX Error: Not allowed in LR mode.

See the LaTeX manual or LaTeX Companion for explanation.
Type  H <return>  for immediate help.
 ...                                              
                                                  
l.21 ...4cm, right=0.3cm of os1] (os2) {Sched B\\(
                                                  batch)};
You've lost some text.  Try typing  <return>  to proceed.
If that doesn't work, type  X <return>  to quit.

! Missing } inserted.
<inserted text> 
                }
l.21 ...4cm, right=0.3cm of os1] (os2) {Sched B\\(
                                                  batch)};
I've inserted something that you may have forgotten.
(See the <inserted text> above.)
With luck, this will get me unwedged. But if you
really didn't forget anything, try typing `2' now; then
my insertion and my current dilemma will both disappear.


! Package tikz Error: Giving up on this path. Did you forget a semicolon?.

See the tikz package documentation for explanation.
Type  H <return>  for immediate help.
 ...                                              
                                                  
l.21 ...4cm, right=0.3cm of os1] (os2) {Sched B\\(
                                                  batch)};
(That was another \errmessage.)

! Missing \endgroup inserted.
<inserted text> 
                \endgroup 
l.21 ...4cm, right=0.3cm of os1] (os2) {Sched B\\(
                                                  batch)};
I've inserted something that you may have forgotten.
(See the <inserted text> above.)
With luck, this will get me unwedged. But if you
really didn't forget anything, try typing `2' now; then
my insertion and my current dilemma will both disappear.

! Undefined control sequence.
<recently read> \tikz@expand@last@token@ 
                                         
l.21 ...4cm, right=0.3cm of os1] (os2) {Sched B\\(
                                                  batch)};
The control sequence at the end of the top line
of your error message was never \def'ed. If you have
misspelled it (e.g., `\hobx'), type `I' and the correct
spelling (e.g., `I\hbox'). Otherwise just continue,
and I'll forget about whatever was undefined.

! Missing number, treated as zero.
<to be read again> 
                   \let 
l.21 ...4cm, right=0.3cm of os1] (os2) {Sched B\\(
                                                  batch)};
A number should have been here; I inserted `0'.
(If you can't figure out why I needed to see a number,
look up `weird error' in the index to The TeXbook.)

! Illegal unit of measure (pt inserted).
<to be read again> 
                   \let 
l.21 ...4cm, right=0.3cm of os1] (os2) {Sched B\\(
                                                  batch)};
Dimensions can be in units of em, ex, in, pt, pc,
cm, mm, dd, cc, nd, nc, bp, or sp; but yours is a new one!
I'll assume that you meant to say pt, for printer's points.
To recover gracefully from this error, it's best to
delete the erroneous units; e.g., type `2' to delete
two letters. (See Chapter 27 of The TeXbook.)

Missing character: There is no ( in font nullfont!
Missing character: There is no b in font nullfont!
Missing character: There is no a in font nullfont!
Missing character: There is no t in font nullfont!
Missing character: There is no c in font nullfont!
Missing character: There is no h in font nullfont!
Missing character: There is no ) in font nullfont!
! Extra }, or forgotten \endgroup.
l.21 ...ght=0.3cm of os1] (os2) {Sched B\\(batch)}
                                                  ;
I've deleted a group-closing symbol because it seems to be
spurious, as in `$x}$'. But perhaps the } is legitimate and
you forgot something else, as in `\hbox{$x}'. In such cases
the way to recover is to insert both the forgotten and the
deleted material, e.g., by typing `I$}'.

Missing character: There is no ; in font nullfont!

! LaTeX Error: Not allowed in LR mode.

See the LaTeX manual or LaTeX Companion for explanation.
Type  H <return>  for immediate help.
 ...                                              
                                                  
l.37 ...of os1, xshift=0.5cm] (api) {API Server\\(
                                                  single gateway)};
You've lost some text.  Try typing  <return>  to proceed.
If that doesn't work, type  X <return>  to quit.

! Missing } inserted.
<inserted text> 
                }
l.37 ...of os1, xshift=0.5cm] (api) {API Server\\(
                                                  single gateway)};
I've inserted something that you may have forgotten.
(See the <inserted text> above.)
With luck, this will get me unwedged. But if you
really didn't forget anything, try typing `2' now; then
my insertion and my current dilemma will both disappear.


! Package tikz Error: Giving up on this path. Did you forget a semicolon?.

See the tikz package documentation for explanation.
Type  H <return>  for immediate help.
 ...                                              
                                                  
l.37 ...of os1, xshift=0.5cm] (api) {API Server\\(
                                                  single gateway)};
(That was another \errmessage.)

! Missing \endgroup inserted.
<inserted text> 
                \endgroup 
l.37 ...of os1, xshift=0.5cm] (api) {API Server\\(
                                                  single gateway)};
I've inserted something that you may have forgotten.
(See the <inserted text> above.)
With luck, this will get me unwedged. But if you
really didn't forget anything, try typing `2' now; then
my insertion and my current dilemma will both disappear.

! Undefined control sequence.
<recently read> \tikz@expand@last@token@ 
                                         
l.37 ...of os1, xshift=0.5cm] (api) {API Server\\(
                                                  single gateway)};
The control sequence at the end of the top line
of your error message was never \def'ed. If you have
misspelled it (e.g., `\hobx'), type `I' and the correct
spelling (e.g., `I\hbox'). Otherwise just continue,
and I'll forget about whatever was undefined.

! Missing number, treated as zero.
<to be read again> 
                   \let 
l.37 ...of os1, xshift=0.5cm] (api) {API Server\\(
                                                  single gateway)};
A number should have been here; I inserted `0'.
(If you can't figure out why I needed to see a number,
look up `weird error' in the index to The TeXbook.)

! Illegal unit of measure (pt inserted).
<to be read again> 
                   \let 
l.37 ...of os1, xshift=0.5cm] (api) {API Server\\(
                                                  single gateway)};
Dimensions can be in units of em, ex, in, pt, pc,
cm, mm, dd, cc, nd, nc, bp, or sp; but yours is a new one!
I'll assume that you meant to say pt, for printer's points.
To recover gracefully from this error, it's best to
delete the erroneous units; e.g., type `2' to delete
two letters. (See Chapter 27 of The TeXbook.)

Missing character: There is no ( in font nullfont!
Missing character: There is no s in font nullfont!
Missing character: There is no i in font nullfont!
Missing character: There is no n in font nullfont!
Missing character: There is no g in font nullfont!
Missing character: There is no l in font nullfont!
Missing character: There is no e in font nullfont!
Missing character: There is no g in font nullfont!
Missing character: There is no a in font nullfont!
Missing character: There is no t in font nullfont!
Missing character: There is no e in font nullfont!
Missing character: There is no w in font nullfont!
Missing character: There is no a in font nullfont!
Missing character: There is no y in font nullfont!
Missing character: There is no ) in font nullfont!
! Extra }, or forgotten \endgroup.
l.37 ....5cm] (api) {API Server\\(single gateway)}
                                                  ;
I've deleted a group-closing symbol because it seems to be
spurious, as in `$x}$'. But perhaps the } is legitimate and
you forgot something else, as in `\hbox{$x}'. In such cases
the way to recover is to insert both the forgotten and the
deleted material, e.g., by typing `I$}'.

Missing character: There is no ; in font nullfont!

! LaTeX Error: Not allowed in LR mode.

See the LaTeX manual or LaTeX Companion for explanation.
Type  H <return>  for immediate help.
 ...                                              
                                                  
l.39 ...m, right=0.2cm of ks] (kcm) {Controller\\M
                                                  anager};
You've lost some text.  Try typing  <return>  to proceed.
If that doesn't work, type  X <return>  to quit.

! Missing } inserted.
<inserted text> 
                }
l.39 ...m, right=0.2cm of ks] (kcm) {Controller\\M
                                                  anager};
I've inserted something that you may have forgotten.
(See the <inserted text> above.)
With luck, this will get me unwedged. But if you
really didn't forget anything, try typing `2' now; then
my insertion and my current dilemma will both disappear.


! Package tikz Error: Giving up on this path. Did you forget a semicolon?.

See the tikz package documentation for explanation.
Type  H <return>  for immediate help.
 ...                                              
                                                  
l.39 ...m, right=0.2cm of ks] (kcm) {Controller\\M
                                                  anager};
(That was another \errmessage.)

! Missing \endgroup inserted.
<inserted text> 
                \endgroup 
l.39 ...m, right=0.2cm of ks] (kcm) {Controller\\M
                                                  anager};
I've inserted something that you may have forgotten.
(See the <inserted text> above.)
With luck, this will get me unwedged. But if you
really didn't forget anything, try typing `2' now; then
my insertion and my current dilemma will both disappear.

! Undefined control sequence.
<recently read> \tikz@expand@last@token@ 
                                         
l.39 ...m, right=0.2cm of ks] (kcm) {Controller\\M
                                                  anager};
The control sequence at the end of the top line
of your error message was never \def'ed. If you have
misspelled it (e.g., `\hobx'), type `I' and the correct
spelling (e.g., `I\hbox'). Otherwise just continue,
and I'll forget about whatever was undefined.

! Missing number, treated as zero.
<to be read again> 
                   \let 
l.39 ...m, right=0.2cm of ks] (kcm) {Controller\\M
                                                  anager};
A number should have been here; I inserted `0'.
(If you can't figure out why I needed to see a number,
look up `weird error' in the index to The TeXbook.)

! Illegal unit of measure (pt inserted).
<to be read again> 
                   \let 
l.39 ...m, right=0.2cm of ks] (kcm) {Controller\\M
                                                  anager};
Dimensions can be in units of em, ex, in, pt, pc,
cm, mm, dd, cc, nd, nc, bp, or sp; but yours is a new one!
I'll assume that you meant to say pt, for printer's points.
To recover gracefully from this error, it's best to
delete the erroneous units; e.g., type `2' to delete
two letters. (See Chapter 27 of The TeXbook.)

Missing character: There is no M in font nullfont!
Missing character: There is no a in font nullfont!
Missing character: There is no n in font nullfont!
Missing character: There is no a in font nullfont!
Missing character: There is no g in font nullfont!
Missing character: There is no e in font nullfont!
Missing character: There is no r in font nullfont!
! Extra }, or forgotten \endgroup.
l.39 ...t=0.2cm of ks] (kcm) {Controller\\Manager}
                                                  ;
I've deleted a group-closing symbol because it seems to be
spurious, as in `$x}$'. But perhaps the } is legitimate and
you forgot something else, as in `\hbox{$x}'. In such cases
the way to recover is to insert both the forgotten and the
deleted material, e.g., by typing `I$}'.

Missing character: There is no ; in font nullfont!

! Package pgf Error: Unknown arrow tip kind 'Stealth'.

See the pgf package documentation for explanation.
Type  H <return>  for immediate help.
 ...                                              
                                                  
l.45   \draw[darr]
                   (api) -- (ks);
(That was another \errmessage.)

Missing character: There is no [ in font nullfont!
Missing character: There is no ] in font nullfont!
Missing character: There is no p in font nullfont!
Missing character: There is no g in font nullfont!
Missing character: There is no f in font nullfont!
Missing character: There is no @ in font nullfont!
Missing character: There is no s in font nullfont!
Missing character: There is no t in font nullfont!
Missing character: There is no o in font nullfont!
Missing character: There is no p in font nullfont!

! Package pgf Error: Unknown arrow tip kind 'Stealth'.

See the pgf package documentation for explanation.
Type  H <return>  for immediate help.
 ...                                              
                                                  
l.46   \draw[darr]
                   (api) -- (kcm);
(That was another \errmessage.)

Missing character: There is no [ in font nullfont!
Missing character: There is no ] in font nullfont!
Missing character: There is no p in font nullfont!
Missing character: There is no g in font nullfont!
Missing character: There is no f in font nullfont!
Missing character: There is no @ in font nullfont!
Missing character: There is no s in font nullfont!
Missing character: There is no t in font nullfont!
Missing character: There is no o in font nullfont!
Missing character: There is no p in font nullfont!

! Package pgf Error: Unknown arrow tip kind 'Stealth'.

See the pgf package documentation for explanation.
Type  H <return>  for immediate help.
 ...                                              
                                                  
l.47   \draw[darr]
                   (api) -- (etcd);
(That was another \errmessage.)

Missing character: There is no [ in font nullfont!
Missing character: There is no ] in font nullfont!
Missing character: There is no p in font nullfont!
Missing character: There is no g in font nullfont!
Missing character: There is no f in font nullfont!
Missing character: There is no @ in font nullfont!
Missing character: There is no s in font nullfont!
Missing character: There is no t in font nullfont!
Missing character: There is no o in font nullfont!
Missing character: There is no p in font nullfont!

! LaTeX Error: Not allowed in LR mode.

See the LaTeX manual or LaTeX Companion for explanation.
Type  H <return>  for immediate help.
 ...                                              
                                                  
l.48 ...ight, font=\tiny, text=k8sgreen] {CRDs,\\O
                                                  perators};
You've lost some text.  Try typing  <return>  to proceed.
If that doesn't work, type  X <return>  to quit.

! Missing } inserted.
<inserted text> 
                }
l.48 ...ight, font=\tiny, text=k8sgreen] {CRDs,\\O
                                                  perators};
I've inserted something that you may have forgotten.
(See the <inserted text> above.)
With luck, this will get me unwedged. But if you
really didn't forget anything, try typing `2' now; then
my insertion and my current dilemma will both disappear.


! Package tikz Error: Giving up on this path. Did you forget a semicolon?.

See the tikz package documentation for explanation.
Type  H <return>  for immediate help.
 ...                                              
                                                  
l.48 ...ight, font=\tiny, text=k8sgreen] {CRDs,\\O
                                                  perators};
(That was another \errmessage.)

! Missing \endgroup inserted.
<inserted text> 
                \endgroup 
l.48 ...ight, font=\tiny, text=k8sgreen] {CRDs,\\O
                                                  perators};
I've inserted something that you may have forgotten.
(See the <inserted text> above.)
With luck, this will get me unwedged. But if you
really didn't forget anything, try typing `2' now; then
my insertion and my current dilemma will both disappear.

! Undefined control sequence.
<recently read> \tikz@expand@last@token@ 
                                         
l.48 ...ight, font=\tiny, text=k8sgreen] {CRDs,\\O
                                                  perators};
The control sequence at the end of the top line
of your error message was never \def'ed. If you have
misspelled it (e.g., `\hobx'), type `I' and the correct
spelling (e.g., `I\hbox'). Otherwise just continue,
and I'll forget about whatever was undefined.

! Missing number, treated as zero.
<to be read again> 
                   \let 
l.48 ...ight, font=\tiny, text=k8sgreen] {CRDs,\\O
                                                  perators};
A number should have been here; I inserted `0'.
(If you can't figure out why I needed to see a number,
look up `weird error' in the index to The TeXbook.)

! Illegal unit of measure (pt inserted).
<to be read again> 
                   \let 
l.48 ...ight, font=\tiny, text=k8sgreen] {CRDs,\\O
                                                  perators};
Dimensions can be in units of em, ex, in, pt, pc,
cm, mm, dd, cc, nd, nc, bp, or sp; but yours is a new one!
I'll assume that you meant to say pt, for printer's points.
To recover gracefully from this error, it's best to
delete the erroneous units; e.g., type `2' to delete
two letters. (See Chapter 27 of The TeXbook.)

Missing character: There is no O in font nullfont!
Missing character: There is no p in font nullfont!
Missing character: There is no e in font nullfont!
Missing character: There is no r in font nullfont!
Missing character: There is no a in font nullfont!
Missing character: There is no t in font nullfont!
Missing character: There is no o in font nullfont!
Missing character: There is no r in font nullfont!
Missing character: There is no s in font nullfont!
! Extra }, or forgotten \endgroup.
l.48 ...t=\tiny, text=k8sgreen] {CRDs,\\Operators}
                                                  ;
I've deleted a group-closing symbol because it seems to be
spurious, as in `$x}$'. But perhaps the } is legitimate and
you forgot something else, as in `\hbox{$x}'. In such cases
the way to recover is to insert both the forgotten and the
deleted material, e.g., by typing `I$}'.

Missing character: There is no ; in font nullfont!
! Missing } inserted.
<inserted text> 
                }
l.55 \end{tikzpicture}
                      
I've inserted something that you may have forgotten.
(See the <inserted text> above.)
With luck, this will get me unwedged. But if you
really didn't forget anything, try typing `2' now; then
my insertion and my current dilemma will both disappear.

! Undefined control sequence.
\pgfsys@call@end ->\pgfsys@end@save 
                                    \pgfsys@endscope 
l.55 \end{tikzpicture}
                      
The control sequence at the end of the top line
of your error message was never \def'ed. If you have
misspelled it (e.g., `\hobx'), type `I' and the correct
spelling (e.g., `I\hbox'). Otherwise just continue,
and I'll forget about whatever was undefined.

! Missing } inserted.
<inserted text> 
                }
l.55 \end{tikzpicture}
                      
I've inserted something that you may have forgotten.
(See the <inserted text> above.)
With luck, this will get me unwedged. But if you
really didn't forget anything, try typing `2' now; then
my insertion and my current dilemma will both disappear.

! Undefined control sequence.
\endpgfscope ...pgflinewidth =\pgfscope@linewidth 
                                                  \global \let \pgf@strokeco...
l.55 \end{tikzpicture}
                      
The control sequence at the end of the top line
of your error message was never \def'ed. If you have
misspelled it (e.g., `\hobx'), type `I' and the correct
spelling (e.g., `I\hbox'). Otherwise just continue,
and I'll forget about whatever was undefined.

! Missing number, treated as zero.
<to be read again> 
                   \global 
l.55 \end{tikzpicture}
                      
A number should have been here; I inserted `0'.
(If you can't figure out why I needed to see a number,
look up `weird error' in the index to The TeXbook.)

! Illegal unit of measure (pt inserted).
<to be read again> 
                   \global 
l.55 \end{tikzpicture}
                      
Dimensions can be in units of em, ex, in, pt, pc,
cm, mm, dd, cc, nd, nc, bp, or sp; but yours is a new one!
I'll assume that you meant to say pt, for printer's points.
To recover gracefully from this error, it's best to
delete the erroneous units; e.g., type `2' to delete
two letters. (See Chapter 27 of The TeXbook.)

! Extra }, or forgotten \endgroup.
\endpgfpicture ...globally \endgroup \hss \egroup 
                                                  \pgf@restore@layerlist@fro...
l.55 \end{tikzpicture}
                      
I've deleted a group-closing symbol because it seems to be
spurious, as in `$x}$'. But perhaps the } is legitimate and
you forgot something else, as in `\hbox{$x}'. In such cases
the way to recover is to insert both the forgotten and the
deleted material, e.g., by typing `I$}'.

! Missing } inserted.
<inserted text> 
                }
l.55 \end{tikzpicture}
                      
I've inserted something that you may have forgotten.
(See the <inserted text> above.)
With luck, this will get me unwedged. But if you
really didn't forget anything, try typing `2' now; then
my insertion and my current dilemma will both disappear.

! Infinite glue shrinkage found in a paragraph.
<argument> ...hskip:D \c_zero_dim \fi: \tex_par:D 
                                                  \hook_use:n {para/after}\@...
l.55 \end{tikzpicture}
                      
The paragraph just ended includes some glue that has
infinite shrinkability, e.g., `\hskip 0pt minus 1fil'.
Such glue doesn't belong there---it allows a paragraph
of any length to fit on one line. But it's safe to proceed,
since the offensive shrinkability has been made finite.

! Missing } inserted.
<inserted text> 
                }
l.55 \end{tikzpicture}
                      
I've inserted something that you may have forgotten.
(See the <inserted text> above.)
With luck, this will get me unwedged. But if you
really didn't forget anything, try typing `2' now; then
my insertion and my current dilemma will both disappear.

! Too many }'s.
\endpgfpicture ...dpicture \endgroup \hss \egroup 
                                                  \pgfsys@typesetpicturebox ...
l.55 \end{tikzpicture}
                      
You've closed more groups than you opened.
Such booboos are generally harmless, so keep going.

! Extra \endgroup.
\endpgfpicture ...setpicturebox \pgfpic \endgroup 
                                                  
l.55 \end{tikzpicture}
                      
Things are pretty mixed up, but I think the worst is over.

! Extra \endgroup.
\endtikzpicture ...lobal \endpgfpicture \endgroup 
                                                  
l.55 \end{tikzpicture}
                      
Things are pretty mixed up, but I think the worst is over.


! LaTeX Error: \begin{document} ended by \end{tikzpicture}.

See the LaTeX manual or LaTeX Companion for explanation.
Type  H <return>  for immediate help.
 ...                                              
                                                  
l.55 \end{tikzpicture}
                      
Your command was ignored.
Type  I <command> <return>  to replace it with another command,
or  <return>  to continue without it.

! Extra \endgroup.
\end  ...end#1\endcsname \@checkend {#1}\endgroup 
                                                  \UseHook {env/#1/after}\if...
l.55 \end{tikzpicture}
                      
Things are pretty mixed up, but I think the worst is over.

)

! LaTeX Error: \caption outside float.

See the LaTeX manual or LaTeX Companion for explanation.
Type  H <return>  for immediate help.
 ...                                              
                                                  
l.97 \caption
             {Evolution from Borg to Omega to Kubernetes. Borg used a monoli...
You're in trouble here.  Try typing  <return>  to proceed.
If that doesn't work, type  X <return>  to quit.

! Infinite glue shrinkage found in a paragraph.
<argument> ...hskip:D \c_zero_dim \fi: \tex_par:D 
                                                  \hook_use:n {para/after}\@...
l.99 \end{figure}
                 
The paragraph just ended includes some glue that has
infinite shrinkability, e.g., `\hskip 0pt minus 1fil'.
Such glue doesn't belong there---it allows a paragraph
of any length to fit on one line. But it's safe to proceed,
since the offensive shrinkability has been made finite.


Overfull \hbox (13.50113pt too wide) in paragraph at lines 55--99
[] []
 []

! Too many }'s.
\@endfloatbox ...pagefalse \outer@nobreak \egroup 
                                                  \color@endbox 
l.99 \end{figure}
                 
You've closed more groups than you opened.
Such booboos are generally harmless, so keep going.

! Extra \endgroup.
\color@endgroup ->\endgraf \@endpefalse \endgroup 
                                                  
l.99 \end{figure}
                 
Things are pretty mixed up, but I think the worst is over.

! Too many }'s.
\color@endbox ->\color@endgroup \egroup 
                                        
l.99 \end{figure}
                 
You've closed more groups than you opened.
Such booboos are generally harmless, so keep going.


! LaTeX Error: \begin{document} ended by \end{figure}.

See the LaTeX manual or LaTeX Companion for explanation.
Type  H <return>  for immediate help.
 ...                                              
                                                  
l.99 \end{figure}
                 
Your command was ignored.
Type  I <command> <return>  to replace it with another command,
or  <return>  to continue without it.

! Extra \endgroup.
\end  ...end#1\endcsname \@checkend {#1}\endgroup 
                                                  \UseHook {env/#1/after}\if...
l.99 \end{figure}
                 
Things are pretty mixed up, but I think the worst is over.

) (./ch5.tex

Package fancyhdr Warning: \headheight is too small (12.0pt): 
(fancyhdr)                Make it at least 13.59999pt, for example:
(fancyhdr)                \setlength{\headheight}{13.59999pt}.
(fancyhdr)                You might also make \topmargin smaller:
(fancyhdr)                \addtolength{\topmargin}{-1.59999pt}.

[16]
Chapter 6.
(./figures/fig5_1.tex

! LaTeX Error: Not allowed in LR mode.

See the LaTeX manual or LaTeX Companion for explanation.
Type  H <return>  for immediate help.
 ...                                              
                                                  
l.3 ...cm, minimum height=1.1cm] (obs) {Observe\\{
                                                  \scriptsize(current state)}};
You've lost some text.  Try typing  <return>  to proceed.
If that doesn't work, type  X <return>  to quit.


! LaTeX Error: Not allowed in LR mode.

See the LaTeX manual or LaTeX Companion for explanation.
Type  H <return>  for immediate help.
 ...                                              
                                                  
l.4 ...ight=1.1cm, right=of obs] (cmp) {Compare\\{
                                                  \scriptsize(current vs des...
You've lost some text.  Try typing  <return>  to proceed.
If that doesn't work, type  X <return>  to quit.


! LaTeX Error: Not allowed in LR mode.

See the LaTeX manual or LaTeX Companion for explanation.
Type  H <return>  for immediate help.
 ...                                              
                                                  
l.5 ...(obs.south)!0.5!(cmp.south)$] (act) {Act\\{
                                                  \scriptsize(close the gap)}};
You've lost some text.  Try typing  <return>  to proceed.
If that doesn't work, type  X <return>  to quit.

) [17

] (./figures/fig5_2.tex

! LaTeX Error: Not allowed in LR mode.

See the LaTeX manual or LaTeX Companion for explanation.
Type  H <return>  for immediate help.
 ...                                              
                                                  
l.4 ...tsize, minimum width=2cm] (i1) {Command:\\d
                                                  ocker run};
You've lost some text.  Try typing  <return>  to proceed.
If that doesn't work, type  X <return>  to quit.


! LaTeX Error: Not allowed in LR mode.

See the LaTeX manual or LaTeX Companion for explanation.
Type  H <return>  for immediate help.
 ...                                              
                                                  
l.5 ... width=2cm, right=of i1] (i2) {Container\\r
                                                  unning \checkmark};
You've lost some text.  Try typing  <return>  to proceed.
If that doesn't work, type  X <return>  to quit.


! LaTeX Error: Not allowed in LR mode.

See the LaTeX manual or LaTeX Companion for explanation.
Type  H <return>  for immediate help.
 ...                                              
                                                  
l.6 ... width=2cm, right=of i2] (i3) {Container\\c
                                                  rashes \textbf{!}};
You've lost some text.  Try typing  <return>  to proceed.
If that doesn't work, type  X <return>  to quit.


! LaTeX Error: Not allowed in LR mode.

See the LaTeX manual or LaTeX Companion for explanation.
Type  H <return>  for immediate help.
 ...                                              
                                                  
l.7 ...dth=2cm, right=of i3] (i4) {State drifts\\N
                                                  o recovery};
You've lost some text.  Try typing  <return>  to proceed.
If that doesn't work, type  X <return>  to quit.


! LaTeX Error: Not allowed in LR mode.

See the LaTeX manual or LaTeX Companion for explanation.
Type  H <return>  for immediate help.
 ...                                              
                                                  
l.16 ....8cm, below=2.5cm of i1] (d1) {Declare:\\r
                                                  eplicas: 3};
You've lost some text.  Try typing  <return>  to proceed.
If that doesn't work, type  X <return>  to quit.

! Missing } inserted.
<inserted text> 
                }
l.16 ....8cm, below=2.5cm of i1] (d1) {Declare:\\r
                                                  eplicas: 3};
I've inserted something that you may have forgotten.
(See the <inserted text> above.)
With luck, this will get me unwedged. But if you
really didn't forget anything, try typing `2' now; then
my insertion and my current dilemma will both disappear.


! Package tikz Error: Giving up on this path. Did you forget a semicolon?.

See the tikz package documentation for explanation.
Type  H <return>  for immediate help.
 ...                                              
                                                  
l.16 ....8cm, below=2.5cm of i1] (d1) {Declare:\\r
                                                  eplicas: 3};
(That was another \errmessage.)

! Missing \endgroup inserted.
<inserted text> 
                \endgroup 
l.16 ....8cm, below=2.5cm of i1] (d1) {Declare:\\r
                                                  eplicas: 3};
I've inserted something that you may have forgotten.
(See the <inserted text> above.)
With luck, this will get me unwedged. But if you
really didn't forget anything, try typing `2' now; then
my insertion and my current dilemma will both disappear.

! Undefined control sequence.
<recently read> \tikz@expand@last@token@ 
                                         
l.16 ....8cm, below=2.5cm of i1] (d1) {Declare:\\r
                                                  eplicas: 3};
The control sequence at the end of the top line
of your error message was never \def'ed. If you have
misspelled it (e.g., `\hobx'), type `I' and the correct
spelling (e.g., `I\hbox'). Otherwise just continue,
and I'll forget about whatever was undefined.

! Missing number, treated as zero.
<to be read again> 
                   \let 
l.16 ....8cm, below=2.5cm of i1] (d1) {Declare:\\r
                                                  eplicas: 3};
A number should have been here; I inserted `0'.
(If you can't figure out why I needed to see a number,
look up `weird error' in the index to The TeXbook.)

! Illegal unit of measure (pt inserted).
<to be read again> 
                   \let 
l.16 ....8cm, below=2.5cm of i1] (d1) {Declare:\\r
                                                  eplicas: 3};
Dimensions can be in units of em, ex, in, pt, pc,
cm, mm, dd, cc, nd, nc, bp, or sp; but yours is a new one!
I'll assume that you meant to say pt, for printer's points.
To recover gracefully from this error, it's best to
delete the erroneous units; e.g., type `2' to delete
two letters. (See Chapter 27 of The TeXbook.)

Missing character: There is no r in font nullfont!
Missing character: There is no e in font nullfont!
Missing character: There is no p in font nullfont!
Missing character: There is no l in font nullfont!
Missing character: There is no i in font nullfont!
Missing character: There is no c in font nullfont!
Missing character: There is no a in font nullfont!
Missing character: There is no s in font nullfont!
Missing character: There is no : in font nullfont!
Missing character: There is no 3 in font nullfont!
! Extra }, or forgotten \endgroup.
l.16 ...=2.5cm of i1] (d1) {Declare:\\replicas: 3}
                                                  ;
I've deleted a group-closing symbol because it seems to be
spurious, as in `$x}$'. But perhaps the } is legitimate and
you forgot something else, as in `\hbox{$x}'. In such cases
the way to recover is to insert both the forgotten and the
deleted material, e.g., by typing `I$}'.

Missing character: There is no ; in font nullfont!

! LaTeX Error: Not allowed in LR mode.

See the LaTeX manual or LaTeX Companion for explanation.
Type  H <return>  for immediate help.
 ...                                              
                                                  
l.17 ... width=1.8cm, right=of d1] (d2) {3 Pods\\r
                                                  unning \checkmark};
You've lost some text.  Try typing  <return>  to proceed.
If that doesn't work, type  X <return>  to quit.

! Missing } inserted.
<inserted text> 
                }
l.17 ... width=1.8cm, right=of d1] (d2) {3 Pods\\r
                                                  unning \checkmark};
I've inserted something that you may have forgotten.
(See the <inserted text> above.)
With luck, this will get me unwedged. But if you
really didn't forget anything, try typing `2' now; then
my insertion and my current dilemma will both disappear.


! Package tikz Error: Giving up on this path. Did you forget a semicolon?.

See the tikz package documentation for explanation.
Type  H <return>  for immediate help.
 ...                                              
                                                  
l.17 ... width=1.8cm, right=of d1] (d2) {3 Pods\\r
                                                  unning \checkmark};
(That was another \errmessage.)

! Missing \endgroup inserted.
<inserted text> 
                \endgroup 
l.17 ... width=1.8cm, right=of d1] (d2) {3 Pods\\r
                                                  unning \checkmark};
I've inserted something that you may have forgotten.
(See the <inserted text> above.)
With luck, this will get me unwedged. But if you
really didn't forget anything, try typing `2' now; then
my insertion and my current dilemma will both disappear.

! Undefined control sequence.
<recently read> \tikz@expand@last@token@ 
                                         
l.17 ... width=1.8cm, right=of d1] (d2) {3 Pods\\r
                                                  unning \checkmark};
The control sequence at the end of the top line
of your error message was never \def'ed. If you have
misspelled it (e.g., `\hobx'), type `I' and the correct
spelling (e.g., `I\hbox'). Otherwise just continue,
and I'll forget about whatever was undefined.

! Missing number, treated as zero.
<to be read again> 
                   \let 
l.17 ... width=1.8cm, right=of d1] (d2) {3 Pods\\r
                                                  unning \checkmark};
A number should have been here; I inserted `0'.
(If you can't figure out why I needed to see a number,
look up `weird error' in the index to The TeXbook.)

! Illegal unit of measure (pt inserted).
<to be read again> 
                   \let 
l.17 ... width=1.8cm, right=of d1] (d2) {3 Pods\\r
                                                  unning \checkmark};
Dimensions can be in units of em, ex, in, pt, pc,
cm, mm, dd, cc, nd, nc, bp, or sp; but yours is a new one!
I'll assume that you meant to say pt, for printer's points.
To recover gracefully from this error, it's best to
delete the erroneous units; e.g., type `2' to delete
two letters. (See Chapter 27 of The TeXbook.)

Missing character: There is no r in font nullfont!
Missing character: There is no u in font nullfont!
Missing character: There is no n in font nullfont!
Missing character: There is no n in font nullfont!
Missing character: There is no i in font nullfont!
Missing character: There is no n in font nullfont!
Missing character: There is no g in font nullfont!
! Extra }, or forgotten \endgroup.
l.17 ...t=of d1] (d2) {3 Pods\\running \checkmark}
                                                  ;
I've deleted a group-closing symbol because it seems to be
spurious, as in `$x}$'. But perhaps the } is legitimate and
you forgot something else, as in `\hbox{$x}'. In such cases
the way to recover is to insert both the forgotten and the
deleted material, e.g., by typing `I$}'.

Missing character: There is no ; in font nullfont!

! LaTeX Error: Not allowed in LR mode.

See the LaTeX manual or LaTeX Companion for explanation.
Type  H <return>  for immediate help.
 ...                                              
                                                  
l.18 ...m width=1.8cm, right=of d2] (d3) {1 Pod\\c
                                                  rashes \textbf{!}};
You've lost some text.  Try typing  <return>  to proceed.
If that doesn't work, type  X <return>  to quit.

! Missing } inserted.
<inserted text> 
                }
l.18 ...m width=1.8cm, right=of d2] (d3) {1 Pod\\c
                                                  rashes \textbf{!}};
I've inserted something that you may have forgotten.
(See the <inserted text> above.)
With luck, this will get me unwedged. But if you
really didn't forget anything, try typing `2' now; then
my insertion and my current dilemma will both disappear.


! Package tikz Error: Giving up on this path. Did you forget a semicolon?.

See the tikz package documentation for explanation.
Type  H <return>  for immediate help.
 ...                                              
                                                  
l.18 ...m width=1.8cm, right=of d2] (d3) {1 Pod\\c
                                                  rashes \textbf{!}};
(That was another \errmessage.)

! Missing \endgroup inserted.
<inserted text> 
                \endgroup 
l.18 ...m width=1.8cm, right=of d2] (d3) {1 Pod\\c
                                                  rashes \textbf{!}};
I've inserted something that you may have forgotten.
(See the <inserted text> above.)
With luck, this will get me unwedged. But if you
really didn't forget anything, try typing `2' now; then
my insertion and my current dilemma will both disappear.

! Undefined control sequence.
<recently read> \tikz@expand@last@token@ 
                                         
l.18 ...m width=1.8cm, right=of d2] (d3) {1 Pod\\c
                                                  rashes \textbf{!}};
The control sequence at the end of the top line
of your error message was never \def'ed. If you have
misspelled it (e.g., `\hobx'), type `I' and the correct
spelling (e.g., `I\hbox'). Otherwise just continue,
and I'll forget about whatever was undefined.

! Missing number, treated as zero.
<to be read again> 
                   \let 
l.18 ...m width=1.8cm, right=of d2] (d3) {1 Pod\\c
                                                  rashes \textbf{!}};
A number should have been here; I inserted `0'.
(If you can't figure out why I needed to see a number,
look up `weird error' in the index to The TeXbook.)

! Illegal unit of measure (pt inserted).
<to be read again> 
                   \let 
l.18 ...m width=1.8cm, right=of d2] (d3) {1 Pod\\c
                                                  rashes \textbf{!}};
Dimensions can be in units of em, ex, in, pt, pc,
cm, mm, dd, cc, nd, nc, bp, or sp; but yours is a new one!
I'll assume that you meant to say pt, for printer's points.
To recover gracefully from this error, it's best to
delete the erroneous units; e.g., type `2' to delete
two letters. (See Chapter 27 of The TeXbook.)

Missing character: There is no c in font nullfont!
Missing character: There is no r in font nullfont!
Missing character: There is no a in font nullfont!
Missing character: There is no s in font nullfont!
Missing character: There is no h in font nullfont!
Missing character: There is no e in font nullfont!
Missing character: There is no s in font nullfont!
Missing character: There is no ! in font nullfont!
! Extra }, or forgotten \endgroup.
<recently read> }
                 
l.18 ...ht=of d2] (d3) {1 Pod\\crashes \textbf{!}}
                                                  ;
I've deleted a group-closing symbol because it seems to be
spurious, as in `$x}$'. But perhaps the } is legitimate and
you forgot something else, as in `\hbox{$x}'. In such cases
the way to recover is to insert both the forgotten and the
deleted material, e.g., by typing `I$}'.

Missing character: There is no ; in font nullfont!

! LaTeX Error: Not allowed in LR mode.

See the LaTeX manual or LaTeX Companion for explanation.
Type  H <return>  for immediate help.
 ...                                              
                                                  
l.19 ...dth=1.8cm, right=of d3] (d4) {Detected:\\2
                                                   vs 3};
You've lost some text.  Try typing  <return>  to proceed.
If that doesn't work, type  X <return>  to quit.

! Missing } inserted.
<inserted text> 
                }
l.19 ...dth=1.8cm, right=of d3] (d4) {Detected:\\2
                                                   vs 3};
I've inserted something that you may have forgotten.
(See the <inserted text> above.)
With luck, this will get me unwedged. But if you
really didn't forget anything, try typing `2' now; then
my insertion and my current dilemma will both disappear.


! Package tikz Error: Giving up on this path. Did you forget a semicolon?.

See the tikz package documentation for explanation.
Type  H <return>  for immediate help.
 ...                                              
                                                  
l.19 ...dth=1.8cm, right=of d3] (d4) {Detected:\\2
                                                   vs 3};
(That was another \errmessage.)

! Missing \endgroup inserted.
<inserted text> 
                \endgroup 
l.19 ...dth=1.8cm, right=of d3] (d4) {Detected:\\2
                                                   vs 3};
I've inserted something that you may have forgotten.
(See the <inserted text> above.)
With luck, this will get me unwedged. But if you
really didn't forget anything, try typing `2' now; then
my insertion and my current dilemma will both disappear.

! Undefined control sequence.
<recently read> \tikz@expand@last@token@ 
                                         
l.19 ...dth=1.8cm, right=of d3] (d4) {Detected:\\2
                                                   vs 3};
The control sequence at the end of the top line
of your error message was never \def'ed. If you have
misspelled it (e.g., `\hobx'), type `I' and the correct
spelling (e.g., `I\hbox'). Otherwise just continue,
and I'll forget about whatever was undefined.

! Missing number, treated as zero.
<to be read again> 
                   \let 
l.19 ...dth=1.8cm, right=of d3] (d4) {Detected:\\2
                                                   vs 3};
A number should have been here; I inserted `0'.
(If you can't figure out why I needed to see a number,
look up `weird error' in the index to The TeXbook.)

! Illegal unit of measure (pt inserted).
<to be read again> 
                   \let 
l.19 ...dth=1.8cm, right=of d3] (d4) {Detected:\\2
                                                   vs 3};
Dimensions can be in units of em, ex, in, pt, pc,
cm, mm, dd, cc, nd, nc, bp, or sp; but yours is a new one!
I'll assume that you meant to say pt, for printer's points.
To recover gracefully from this error, it's best to
delete the erroneous units; e.g., type `2' to delete
two letters. (See Chapter 27 of The TeXbook.)

Missing character: There is no 2 in font nullfont!
Missing character: There is no v in font nullfont!
Missing character: There is no s in font nullfont!
Missing character: There is no 3 in font nullfont!
! Extra }, or forgotten \endgroup.
l.19 ...8cm, right=of d3] (d4) {Detected:\\2 vs 3}
                                                  ;
I've deleted a group-closing symbol because it seems to be
spurious, as in `$x}$'. But perhaps the } is legitimate and
you forgot something else, as in `\hbox{$x}'. In such cases
the way to recover is to insert both the forgotten and the
deleted material, e.g., by typing `I$}'.

Missing character: There is no ; in font nullfont!

! LaTeX Error: Not allowed in LR mode.

See the LaTeX manual or LaTeX Companion for explanation.
Type  H <return>  for immediate help.
 ...                                              
                                                  
l.20 ...=1.8cm, right=of d4] (d5) {Auto-healed:\\3
                                                   Pods \checkmark};
You've lost some text.  Try typing  <return>  to proceed.
If that doesn't work, type  X <return>  to quit.

! Missing } inserted.
<inserted text> 
                }
l.20 ...=1.8cm, right=of d4] (d5) {Auto-healed:\\3
                                                   Pods \checkmark};
I've inserted something that you may have forgotten.
(See the <inserted text> above.)
With luck, this will get me unwedged. But if you
really didn't forget anything, try typing `2' now; then
my insertion and my current dilemma will both disappear.


! Package tikz Error: Giving up on this path. Did you forget a semicolon?.

See the tikz package documentation for explanation.
Type  H <return>  for immediate help.
 ...                                              
                                                  
l.20 ...=1.8cm, right=of d4] (d5) {Auto-healed:\\3
                                                   Pods \checkmark};
(That was another \errmessage.)

! Missing \endgroup inserted.
<inserted text> 
                \endgroup 
l.20 ...=1.8cm, right=of d4] (d5) {Auto-healed:\\3
                                                   Pods \checkmark};
I've inserted something that you may have forgotten.
(See the <inserted text> above.)
With luck, this will get me unwedged. But if you
really didn't forget anything, try typing `2' now; then
my insertion and my current dilemma will both disappear.

! Undefined control sequence.
<recently read> \tikz@expand@last@token@ 
                                         
l.20 ...=1.8cm, right=of d4] (d5) {Auto-healed:\\3
                                                   Pods \checkmark};
The control sequence at the end of the top line
of your error message was never \def'ed. If you have
misspelled it (e.g., `\hobx'), type `I' and the correct
spelling (e.g., `I\hbox'). Otherwise just continue,
and I'll forget about whatever was undefined.

! Missing number, treated as zero.
<to be read again> 
                   \let 
l.20 ...=1.8cm, right=of d4] (d5) {Auto-healed:\\3
                                                   Pods \checkmark};
A number should have been here; I inserted `0'.
(If you can't figure out why I needed to see a number,
look up `weird error' in the index to The TeXbook.)

! Illegal unit of measure (pt inserted).
<to be read again> 
                   \let 
l.20 ...=1.8cm, right=of d4] (d5) {Auto-healed:\\3
                                                   Pods \checkmark};
Dimensions can be in units of em, ex, in, pt, pc,
cm, mm, dd, cc, nd, nc, bp, or sp; but yours is a new one!
I'll assume that you meant to say pt, for printer's points.
To recover gracefully from this error, it's best to
delete the erroneous units; e.g., type `2' to delete
two letters. (See Chapter 27 of The TeXbook.)

Missing character: There is no 3 in font nullfont!
Missing character: There is no P in font nullfont!
Missing character: There is no o in font nullfont!
Missing character: There is no d in font nullfont!
Missing character: There is no s in font nullfont!
! Extra }, or forgotten \endgroup.
l.20 ...d4] (d5) {Auto-healed:\\3 Pods \checkmark}
                                                  ;
I've deleted a group-closing symbol because it seems to be
spurious, as in `$x}$'. But perhaps the } is legitimate and
you forgot something else, as in `\hbox{$x}'. In such cases
the way to recover is to insert both the forgotten and the
deleted material, e.g., by typing `I$}'.

Missing character: There is no ; in font nullfont!
! Missing } inserted.
<inserted text> 
                }
l.29 \end{tikzpicture}
                      
I've inserted something that you may have forgotten.
(See the <inserted text> above.)
With luck, this will get me unwedged. But if you
really didn't forget anything, try typing `2' now; then
my insertion and my current dilemma will both disappear.


Overfull \hbox (18.25003pt too wide) detected at line 29
[] []  []  []  []      [][][][][][][][][] []     [][][][][][][][][] []     [][][][][][][][][] [][][] []   []    []  []  []    []     []   []      [][][][][][][][][] []     [][][][][][][][][] []     [][][][][][][][][] []     [][][][][][][][][] []           [][][][][][][][][][][] [][][][] []  
 []

! Undefined control sequence.
\pgfsys@call@end ->\pgfsys@end@save 
                                    \pgfsys@endscope 
l.29 \end{tikzpicture}
                      
The control sequence at the end of the top line
of your error message was never \def'ed. If you have
misspelled it (e.g., `\hobx'), type `I' and the correct
spelling (e.g., `I\hbox'). Otherwise just continue,
and I'll forget about whatever was undefined.

! Missing } inserted.
<inserted text> 
                }
l.29 \end{tikzpicture}
                      
I've inserted something that you may have forgotten.
(See the <inserted text> above.)
With luck, this will get me unwedged. But if you
really didn't forget anything, try typing `2' now; then
my insertion and my current dilemma will both disappear.

! Undefined control sequence.
\endpgfscope ...pgflinewidth =\pgfscope@linewidth 
                                                  \global \let \pgf@strokeco...
l.29 \end{tikzpicture}
                      
The control sequence at the end of the top line
of your error message was never \def'ed. If you have
misspelled it (e.g., `\hobx'), type `I' and the correct
spelling (e.g., `I\hbox'). Otherwise just continue,
and I'll forget about whatever was undefined.

! Missing number, treated as zero.
<to be read again> 
                   \global 
l.29 \end{tikzpicture}
                      
A number should have been here; I inserted `0'.
(If you can't figure out why I needed to see a number,
look up `weird error' in the index to The TeXbook.)

! Illegal unit of measure (pt inserted).
<to be read again> 
                   \global 
l.29 \end{tikzpicture}
                      
Dimensions can be in units of em, ex, in, pt, pc,
cm, mm, dd, cc, nd, nc, bp, or sp; but yours is a new one!
I'll assume that you meant to say pt, for printer's points.
To recover gracefully from this error, it's best to
delete the erroneous units; e.g., type `2' to delete
two letters. (See Chapter 27 of The TeXbook.)

! Extra }, or forgotten \endgroup.
\endpgfpicture ...globally \endgroup \hss \egroup 
                                                  \pgf@restore@layerlist@fro...
l.29 \end{tikzpicture}
                      
I've deleted a group-closing symbol because it seems to be
spurious, as in `$x}$'. But perhaps the } is legitimate and
you forgot something else, as in `\hbox{$x}'. In such cases
the way to recover is to insert both the forgotten and the
deleted material, e.g., by typing `I$}'.

! Missing } inserted.
<inserted text> 
                }
l.29 \end{tikzpicture}
                      
I've inserted something that you may have forgotten.
(See the <inserted text> above.)
With luck, this will get me unwedged. But if you
really didn't forget anything, try typing `2' now; then
my insertion and my current dilemma will both disappear.

! Infinite glue shrinkage found in a paragraph.
<argument> ...hskip:D \c_zero_dim \fi: \tex_par:D 
                                                  \hook_use:n {para/after}\@...
l.29 \end{tikzpicture}
                      
The paragraph just ended includes some glue that has
infinite shrinkability, e.g., `\hskip 0pt minus 1fil'.
Such glue doesn't belong there---it allows a paragraph
of any length to fit on one line. But it's safe to proceed,
since the offensive shrinkability has been made finite.

! Missing } inserted.
<inserted text> 
                }
l.29 \end{tikzpicture}
                      
I've inserted something that you may have forgotten.
(See the <inserted text> above.)
With luck, this will get me unwedged. But if you
really didn't forget anything, try typing `2' now; then
my insertion and my current dilemma will both disappear.

! Too many }'s.
\endpgfpicture ...dpicture \endgroup \hss \egroup 
                                                  \pgfsys@typesetpicturebox ...
l.29 \end{tikzpicture}
                      
You've closed more groups than you opened.
Such booboos are generally harmless, so keep going.

! Extra \endgroup.
\endpgfpicture ...setpicturebox \pgfpic \endgroup 
                                                  
l.29 \end{tikzpicture}
                      
Things are pretty mixed up, but I think the worst is over.

! Extra \endgroup.
\endtikzpicture ...lobal \endpgfpicture \endgroup 
                                                  
l.29 \end{tikzpicture}
                      
Things are pretty mixed up, but I think the worst is over.


! LaTeX Error: \begin{document} ended by \end{tikzpicture}.

See the LaTeX manual or LaTeX Companion for explanation.
Type  H <return>  for immediate help.
 ...                                              
                                                  
l.29 \end{tikzpicture}
                      
Your command was ignored.
Type  I <command> <return>  to replace it with another command,
or  <return>  to continue without it.

! Extra \endgroup.
\end  ...end#1\endcsname \@checkend {#1}\endgroup 
                                                  \UseHook {env/#1/after}\if...
l.29 \end{tikzpicture}
                      
Things are pretty mixed up, but I think the worst is over.

)

! LaTeX Error: \caption outside float.

See the LaTeX manual or LaTeX Companion for explanation.
Type  H <return>  for immediate help.
 ...                                              
                                                  
l.54 \caption
             {Edge-triggered (imperative) vs. level-triggered (declarative)....
You're in trouble here.  Try typing  <return>  to proceed.
If that doesn't work, type  X <return>  to quit.

! Infinite glue shrinkage found in a paragraph.
<argument> ...hskip:D \c_zero_dim \fi: \tex_par:D 
                                                  \hook_use:n {para/after}\@...
l.56 \end{figure}
                 
The paragraph just ended includes some glue that has
infinite shrinkability, e.g., `\hskip 0pt minus 1fil'.
Such glue doesn't belong there---it allows a paragraph
of any length to fit on one line. But it's safe to proceed,
since the offensive shrinkability has been made finite.

! Too many }'s.
\@endfloatbox ...pagefalse \outer@nobreak \egroup 
                                                  \color@endbox 
l.56 \end{figure}
                 
You've closed more groups than you opened.
Such booboos are generally harmless, so keep going.

! Extra \endgroup.
\color@endgroup ->\endgraf \@endpefalse \endgroup 
                                                  
l.56 \end{figure}
                 
Things are pretty mixed up, but I think the worst is over.

! Too many }'s.
\color@endbox ->\color@endgroup \egroup 
                                        
l.56 \end{figure}
                 
You've closed more groups than you opened.
Such booboos are generally harmless, so keep going.


! LaTeX Error: \begin{document} ended by \end{figure}.

See the LaTeX manual or LaTeX Companion for explanation.
Type  H <return>  for immediate help.
 ...                                              
                                                  
l.56 \end{figure}
                 
Your command was ignored.
Type  I <command> <return>  to replace it with another command,
or  <return>  to continue without it.

! Extra \endgroup.
\end  ...end#1\endcsname \@checkend {#1}\endgroup 
                                                  \UseHook {env/#1/after}\if...
l.56 \end{figure}
                 
Things are pretty mixed up, but I think the worst is over.

(./figures/fig5_3.tex)

Package fancyhdr Warning: \headheight is too small (12.0pt): 
(fancyhdr)                Make it at least 13.59999pt, for example:
(fancyhdr)                \setlength{\headheight}{13.59999pt}.
(fancyhdr)                You might also make \topmargin smaller:
(fancyhdr)                \addtolength{\topmargin}{-1.59999pt}.

[18] (./figures/fig5_4.tex

! LaTeX Error: Not allowed in LR mode.

See the LaTeX manual or LaTeX Companion for explanation.
Type  H <return>  for immediate help.
 ...                                              
                                                  
l.4     {\textbf{Consistency (C)}\\{
                                    \scriptsize Every read gets the}\\{\scri...
You've lost some text.  Try typing  <return>  to proceed.
If that doesn't work, type  X <return>  to quit.


! LaTeX Error: Not allowed in LR mode.

See the LaTeX manual or LaTeX Companion for explanation.
Type  H <return>  for immediate help.
 ...                                              
                                                  
l.4 ... (C)}\\{\scriptsize Every read gets the}\\{
                                                  \scriptsize most recent wr...
You've lost some text.  Try typing  <return>  to proceed.
If that doesn't work, type  X <return>  to quit.


! LaTeX Error: Not allowed in LR mode.

See the LaTeX manual or LaTeX Companion for explanation.
Type  H <return>  for immediate help.
 ...                                              
                                                  
l.6     {\textbf{Availability (A)}\\{
                                     \scriptsize Every request gets}\\{\scri...
You've lost some text.  Try typing  <return>  to proceed.
If that doesn't work, type  X <return>  to quit.


! LaTeX Error: Not allowed in LR mode.

See the LaTeX manual or LaTeX Companion for explanation.
Type  H <return>  for immediate help.
 ...                                              
                                                  
l.6 ...y (A)}\\{\scriptsize Every request gets}\\{
                                                  \scriptsize a response}};
You've lost some text.  Try typing  <return>  to proceed.
If that doesn't work, type  X <return>  to quit.


! LaTeX Error: Not allowed in LR mode.

See the LaTeX manual or LaTeX Companion for explanation.
Type  H <return>  for immediate help.
 ...                                              
                                                  
l.8     {\textbf{Partition Tolerance (P)}\\{
                                            \scriptsize System works despite...
You've lost some text.  Try typing  <return>  to proceed.
If that doesn't work, type  X <return>  to quit.


! LaTeX Error: Not allowed in LR mode.

See the LaTeX manual or LaTeX Companion for explanation.
Type  H <return>  for immediate help.
 ...                                              
                                                  
l.8 ...(P)}\\{\scriptsize System works despite}\\{
                                                  \scriptsize network splits}};
You've lost some text.  Try typing  <return>  to proceed.
If that doesn't work, type  X <return>  to quit.

) (./figures/fig5_5.tex)

Package fancyhdr Warning: \headheight is too small (12.0pt): 
(fancyhdr)                Make it at least 13.59999pt, for example:
(fancyhdr)                \setlength{\headheight}{13.59999pt}.
(fancyhdr)                You might also make \topmargin smaller:
(fancyhdr)                \addtolength{\topmargin}{-1.59999pt}.

[19]

Package fancyhdr Warning: \headheight is too small (12.0pt): 
(fancyhdr)                Make it at least 13.59999pt, for example:
(fancyhdr)                \setlength{\headheight}{13.59999pt}.
(fancyhdr)                You might also make \topmargin smaller:
(fancyhdr)                \addtolength{\topmargin}{-1.59999pt}.

[20] (./figures/fig5_6.tex)) (./ch6.tex

Package fancyhdr Warning: \headheight is too small (12.0pt): 
(fancyhdr)                Make it at least 13.59999pt, for example:
(fancyhdr)                \setlength{\headheight}{13.59999pt}.
(fancyhdr)                You might also make \topmargin smaller:
(fancyhdr)                \addtolength{\topmargin}{-1.59999pt}.

[21]
Chapter 7.
[22

] (./figures/fig6_1.tex)

Package fancyhdr Warning: \headheight is too small (12.0pt): 
(fancyhdr)                Make it at least 13.59999pt, for example:
(fancyhdr)                \setlength{\headheight}{13.59999pt}.
(fancyhdr)                You might also make \topmargin smaller:
(fancyhdr)                \addtolength{\topmargin}{-1.59999pt}.

[23] (./figures/fig6_2.tex

! LaTeX Error: Not allowed in LR mode.

See the LaTeX manual or LaTeX Companion for explanation.
Type  H <return>  for immediate help.
 ...                                              
                                                  
l.3 ...mum width=2.5cm] (watch) {Watch Trigger:\\M
                                                  ySQLCluster created};
You've lost some text.  Try typing  <return>  to proceed.
If that doesn't work, type  X <return>  to quit.


! LaTeX Error: Not allowed in LR mode.

See the LaTeX manual or LaTeX Companion for explanation.
Type  H <return>  for immediate help.
 ...                                              
                                                  
l.4 ...elow=of watch] (primary) {Create Primary\\I
                                                  nstance};
You've lost some text.  Try typing  <return>  to proceed.
If that doesn't work, type  X <return>  to quit.


! LaTeX Error: Not allowed in LR mode.

See the LaTeX manual or LaTeX Companion for explanation.
Type  H <return>  for immediate help.
 ...                                              
                                                  
l.5 ...5cm, below=of primary] (snap) {Take Data\\S
                                                  napshot};
You've lost some text.  Try typing  <return>  to proceed.
If that doesn't work, type  X <return>  to quit.


! LaTeX Error: Not allowed in LR mode.

See the LaTeX manual or LaTeX Companion for explanation.
Type  H <return>  for immediate help.
 ...                                              
                                                  
l.6 ...cm, below=of snap] (r1) {Start Replica 1\\+
                                                   Sync};
You've lost some text.  Try typing  <return>  to proceed.
If that doesn't work, type  X <return>  to quit.


! LaTeX Error: Not allowed in LR mode.

See the LaTeX manual or LaTeX Companion for explanation.
Type  H <return>  for immediate help.
 ...                                              
                                                  
l.7 ....5cm, below=of r1] (r2) {Start Replica 2\\+
                                                   Sync};
You've lost some text.  Try typing  <return>  to proceed.
If that doesn't work, type  X <return>  to quit.


! LaTeX Error: Not allowed in LR mode.

See the LaTeX manual or LaTeX Companion for explanation.
Type  H <return>  for immediate help.
 ...                                              
                                                  
l.8 ...cm, below=of r2] (backup) {Create Backup\\C
                                                  ronJob};
You've lost some text.  Try typing  <return>  to proceed.
If that doesn't work, type  X <return>  to quit.


! LaTeX Error: Not allowed in LR mode.

See the LaTeX manual or LaTeX Companion for explanation.
Type  H <return>  for immediate help.
 ...                                              
                                                  
l.9 ...ackup] (steady) {Steady State \checkmark\\(
                                                  desired = observed)};
You've lost some text.  Try typing  <return>  to proceed.
If that doesn't work, type  X <return>  to quit.


! LaTeX Error: Not allowed in LR mode.

See the LaTeX manual or LaTeX Companion for explanation.
Type  H <return>  for immediate help.
 ...                                              
                                                  
l.21 ...cm, below=of crash] (resync) {Check Lag\\F
                                                  resh Snapshot\\Resync New ...
You've lost some text.  Try typing  <return>  to proceed.
If that doesn't work, type  X <return>  to quit.


! LaTeX Error: Not allowed in LR mode.

See the LaTeX manual or LaTeX Companion for explanation.
Type  H <return>  for immediate help.
 ...                                              
                                                  
l.21 ...sh] (resync) {Check Lag\\Fresh Snapshot\\R
                                                  esync New Pod};
You've lost some text.  Try typing  <return>  to proceed.
If that doesn't work, type  X <return>  to quit.

)

Package fancyhdr Warning: \headheight is too small (12.0pt): 
(fancyhdr)                Make it at least 25.2232pt, for example:
(fancyhdr)                \setlength{\headheight}{25.2232pt}.
(fancyhdr)                You might also make \topmargin smaller:
(fancyhdr)                \addtolength{\topmargin}{-13.2232pt}.

[24]

Package fancyhdr Warning: \headheight is too small (12.0pt): 
(fancyhdr)                Make it at least 13.59999pt, for example:
(fancyhdr)                \setlength{\headheight}{13.59999pt}.
(fancyhdr)                You might also make \topmargin smaller:
(fancyhdr)                \addtolength{\topmargin}{-1.59999pt}.

[25] (./figures/fig6_3.tex

! LaTeX Error: Not allowed in LR mode.

See the LaTeX manual or LaTeX Companion for explanation.
Type  H <return>  for immediate help.
 ...                                              
                                                  
l.4 ...m, right=of req] (auth) {Authentication\\\&
                                                   Authorization};
You've lost some text.  Try typing  <return>  to proceed.
If that doesn't work, type  X <return>  to quit.


! LaTeX Error: Not allowed in LR mode.

See the LaTeX manual or LaTeX Companion for explanation.
Type  H <return>  for immediate help.
 ...                                              
                                                  
l.5 ...th=2.2cm, right=of auth] (mut) {Mutating\\W
                                                  ebhooks};
You've lost some text.  Try typing  <return>  to proceed.
If that doesn't work, type  X <return>  to quit.


! LaTeX Error: Not allowed in LR mode.

See the LaTeX manual or LaTeX Companion for explanation.
Type  H <return>  for immediate help.
 ...                                              
                                                  
l.6 ...th=2.2cm, right=of mut] (schema) {Schema\\V
                                                  alidation};
You've lost some text.  Try typing  <return>  to proceed.
If that doesn't work, type  X <return>  to quit.


! LaTeX Error: Not allowed in LR mode.

See the LaTeX manual or LaTeX Companion for explanation.
Type  H <return>  for immediate help.
 ...                                              
                                                  
l.7 ....2cm, right=of schema] (val) {Validating\\W
                                                  ebhooks};
You've lost some text.  Try typing  <return>  to proceed.
If that doesn't work, type  X <return>  to quit.


! LaTeX Error: Not allowed in LR mode.

See the LaTeX manual or LaTeX Companion for explanation.
Type  H <return>  for immediate help.
 ...                                              
                                                  
l.8 ... width=2.2cm, right=of val] (etcd) {etcd\\(
                                                  stored)};
You've lost some text.  Try typing  <return>  to proceed.
If that doesn't work, type  X <return>  to quit.

)
Overfull \hbox (194.965pt too wide) in paragraph at lines 15--163
 [][] 
 []


Package fancyhdr Warning: \headheight is too small (12.0pt): 
(fancyhdr)                Make it at least 25.2232pt, for example:
(fancyhdr)                \setlength{\headheight}{25.2232pt}.
(fancyhdr)                You might also make \topmargin smaller:
(fancyhdr)                \addtolength{\topmargin}{-13.2232pt}.

[26]

Package fancyhdr Warning: \headheight is too small (12.0pt): 
(fancyhdr)                Make it at least 13.59999pt, for example:
(fancyhdr)                \setlength{\headheight}{13.59999pt}.
(fancyhdr)                You might also make \topmargin smaller:
(fancyhdr)                \addtolength{\topmargin}{-1.59999pt}.

[27] (./figures/fig6_4.tex)) (./conclusion.tex

Package fancyhdr Warning: \headheight is too small (12.0pt): 
(fancyhdr)                Make it at least 25.2232pt, for example:
(fancyhdr)                \setlength{\headheight}{25.2232pt}.
(fancyhdr)                You might also make \topmargin smaller:
(fancyhdr)                \addtolength{\topmargin}{-13.2232pt}.

[28]
Chapter 8.
(./figures/figC_1.tex) [29

]

Package fancyhdr Warning: \headheight is too small (12.0pt): 
(fancyhdr)                Make it at least 13.59999pt, for example:
(fancyhdr)                \setlength{\headheight}{13.59999pt}.
(fancyhdr)                You might also make \topmargin smaller:
(fancyhdr)                \addtolength{\topmargin}{-1.59999pt}.

[30] (./figures/figC_2.tex

! LaTeX Error: Not allowed in LR mode.

See the LaTeX manual or LaTeX Companion for explanation.
Type  H <return>  for immediate help.
 ...                                              
                                                  
l.12 ...f api, xshift=0.5cm] (cont) {Containers\\(
                                                  traditional)};
You've lost some text.  Try typing  <return>  to proceed.
If that doesn't work, type  X <return>  to quit.

! Missing } inserted.
<inserted text> 
                }
l.12 ...f api, xshift=0.5cm] (cont) {Containers\\(
                                                  traditional)};
I've inserted something that you may have forgotten.
(See the <inserted text> above.)
With luck, this will get me unwedged. But if you
really didn't forget anything, try typing `2' now; then
my insertion and my current dilemma will both disappear.


! Package tikz Error: Giving up on this path. Did you forget a semicolon?.

See the tikz package documentation for explanation.
Type  H <return>  for immediate help.
 ...                                              
                                                  
l.12 ...f api, xshift=0.5cm] (cont) {Containers\\(
                                                  traditional)};
(That was another \errmessage.)

! Missing \endgroup inserted.
<inserted text> 
                \endgroup 
l.12 ...f api, xshift=0.5cm] (cont) {Containers\\(
                                                  traditional)};
I've inserted something that you may have forgotten.
(See the <inserted text> above.)
With luck, this will get me unwedged. But if you
really didn't forget anything, try typing `2' now; then
my insertion and my current dilemma will both disappear.

! Undefined control sequence.
<recently read> \tikz@expand@last@token@ 
                                         
l.12 ...f api, xshift=0.5cm] (cont) {Containers\\(
                                                  traditional)};
The control sequence at the end of the top line
of your error message was never \def'ed. If you have
misspelled it (e.g., `\hobx'), type `I' and the correct
spelling (e.g., `I\hbox'). Otherwise just continue,
and I'll forget about whatever was undefined.

! Missing number, treated as zero.
<to be read again> 
                   \let 
l.12 ...f api, xshift=0.5cm] (cont) {Containers\\(
                                                  traditional)};
A number should have been here; I inserted `0'.
(If you can't figure out why I needed to see a number,
look up `weird error' in the index to The TeXbook.)

! Illegal unit of measure (pt inserted).
<to be read again> 
                   \let 
l.12 ...f api, xshift=0.5cm] (cont) {Containers\\(
                                                  traditional)};
Dimensions can be in units of em, ex, in, pt, pc,
cm, mm, dd, cc, nd, nc, bp, or sp; but yours is a new one!
I'll assume that you meant to say pt, for printer's points.
To recover gracefully from this error, it's best to
delete the erroneous units; e.g., type `2' to delete
two letters. (See Chapter 27 of The TeXbook.)

Missing character: There is no ( in font nullfont!
Missing character: There is no t in font nullfont!
Missing character: There is no r in font nullfont!
Missing character: There is no a in font nullfont!
Missing character: There is no d in font nullfont!
Missing character: There is no i in font nullfont!
Missing character: There is no t in font nullfont!
Missing character: There is no i in font nullfont!
Missing character: There is no o in font nullfont!
Missing character: There is no n in font nullfont!
Missing character: There is no a in font nullfont!
Missing character: There is no l in font nullfont!
Missing character: There is no ) in font nullfont!
! Extra }, or forgotten \endgroup.
l.12 ...=0.5cm] (cont) {Containers\\(traditional)}
                                                  ;
I've deleted a group-closing symbol because it seems to be
spurious, as in `$x}$'. But perhaps the } is legitimate and
you forgot something else, as in `\hbox{$x}'. In such cases
the way to recover is to insert both the forgotten and the
deleted material, e.g., by typing `I$}'.

Missing character: There is no ; in font nullfont!

! LaTeX Error: Not allowed in LR mode.

See the LaTeX manual or LaTeX Companion for explanation.
Type  H <return>  for immediate help.
 ...                                              
                                                  
l.13 ...ght=0.8cm of cont] (wasm) {Wasm Modules\\(
                                                  microsecond startup)};
You've lost some text.  Try typing  <return>  to proceed.
If that doesn't work, type  X <return>  to quit.

! Missing } inserted.
<inserted text> 
                }
l.13 ...ght=0.8cm of cont] (wasm) {Wasm Modules\\(
                                                  microsecond startup)};
I've inserted something that you may have forgotten.
(See the <inserted text> above.)
With luck, this will get me unwedged. But if you
really didn't forget anything, try typing `2' now; then
my insertion and my current dilemma will both disappear.


! Package tikz Error: Giving up on this path. Did you forget a semicolon?.

See the tikz package documentation for explanation.
Type  H <return>  for immediate help.
 ...                                              
                                                  
l.13 ...ght=0.8cm of cont] (wasm) {Wasm Modules\\(
                                                  microsecond startup)};
(That was another \errmessage.)

! Missing \endgroup inserted.
<inserted text> 
                \endgroup 
l.13 ...ght=0.8cm of cont] (wasm) {Wasm Modules\\(
                                                  microsecond startup)};
I've inserted something that you may have forgotten.
(See the <inserted text> above.)
With luck, this will get me unwedged. But if you
really didn't forget anything, try typing `2' now; then
my insertion and my current dilemma will both disappear.

! Undefined control sequence.
<recently read> \tikz@expand@last@token@ 
                                         
l.13 ...ght=0.8cm of cont] (wasm) {Wasm Modules\\(
                                                  microsecond startup)};
The control sequence at the end of the top line
of your error message was never \def'ed. If you have
misspelled it (e.g., `\hobx'), type `I' and the correct
spelling (e.g., `I\hbox'). Otherwise just continue,
and I'll forget about whatever was undefined.

! Missing number, treated as zero.
<to be read again> 
                   \let 
l.13 ...ght=0.8cm of cont] (wasm) {Wasm Modules\\(
                                                  microsecond startup)};
A number should have been here; I inserted `0'.
(If you can't figure out why I needed to see a number,
look up `weird error' in the index to The TeXbook.)

! Illegal unit of measure (pt inserted).
<to be read again> 
                   \let 
l.13 ...ght=0.8cm of cont] (wasm) {Wasm Modules\\(
                                                  microsecond startup)};
Dimensions can be in units of em, ex, in, pt, pc,
cm, mm, dd, cc, nd, nc, bp, or sp; but yours is a new one!
I'll assume that you meant to say pt, for printer's points.
To recover gracefully from this error, it's best to
delete the erroneous units; e.g., type `2' to delete
two letters. (See Chapter 27 of The TeXbook.)

Missing character: There is no ( in font nullfont!
Missing character: There is no m in font nullfont!
Missing character: There is no i in font nullfont!
Missing character: There is no c in font nullfont!
Missing character: There is no r in font nullfont!
Missing character: There is no o in font nullfont!
Missing character: There is no s in font nullfont!
Missing character: There is no e in font nullfont!
Missing character: There is no c in font nullfont!
Missing character: There is no o in font nullfont!
Missing character: There is no n in font nullfont!
Missing character: There is no d in font nullfont!
Missing character: There is no s in font nullfont!
Missing character: There is no t in font nullfont!
Missing character: There is no a in font nullfont!
Missing character: There is no r in font nullfont!
Missing character: There is no t in font nullfont!
Missing character: There is no u in font nullfont!
Missing character: There is no p in font nullfont!
Missing character: There is no ) in font nullfont!
! Extra }, or forgotten \endgroup.
l.13 ...asm) {Wasm Modules\\(microsecond startup)}
                                                  ;
I've deleted a group-closing symbol because it seems to be
spurious, as in `$x}$'. But perhaps the } is legitimate and
you forgot something else, as in `\hbox{$x}'. In such cases
the way to recover is to insert both the forgotten and the
deleted material, e.g., by typing `I$}'.

Missing character: There is no ; in font nullfont!

! LaTeX Error: Not allowed in LR mode.

See the LaTeX manual or LaTeX Companion for explanation.
Type  H <return>  for immediate help.
 ...                                              
                                                  
l.20 ...of ebpf, xshift=-2cm] (net) {Networking\\(
                                                  Cilium)};
You've lost some text.  Try typing  <return>  to proceed.
If that doesn't work, type  X <return>  to quit.

! Missing } inserted.
<inserted text> 
                }
l.20 ...of ebpf, xshift=-2cm] (net) {Networking\\(
                                                  Cilium)};
I've inserted something that you may have forgotten.
(See the <inserted text> above.)
With luck, this will get me unwedged. But if you
really didn't forget anything, try typing `2' now; then
my insertion and my current dilemma will both disappear.


! Package tikz Error: Giving up on this path. Did you forget a semicolon?.

See the tikz package documentation for explanation.
Type  H <return>  for immediate help.
 ...                                              
                                                  
l.20 ...of ebpf, xshift=-2cm] (net) {Networking\\(
                                                  Cilium)};
(That was another \errmessage.)

! Missing \endgroup inserted.
<inserted text> 
                \endgroup 
l.20 ...of ebpf, xshift=-2cm] (net) {Networking\\(
                                                  Cilium)};
I've inserted something that you may have forgotten.
(See the <inserted text> above.)
With luck, this will get me unwedged. But if you
really didn't forget anything, try typing `2' now; then
my insertion and my current dilemma will both disappear.

! Undefined control sequence.
<recently read> \tikz@expand@last@token@ 
                                         
l.20 ...of ebpf, xshift=-2cm] (net) {Networking\\(
                                                  Cilium)};
The control sequence at the end of the top line
of your error message was never \def'ed. If you have
misspelled it (e.g., `\hobx'), type `I' and the correct
spelling (e.g., `I\hbox'). Otherwise just continue,
and I'll forget about whatever was undefined.

! Missing number, treated as zero.
<to be read again> 
                   \let 
l.20 ...of ebpf, xshift=-2cm] (net) {Networking\\(
                                                  Cilium)};
A number should have been here; I inserted `0'.
(If you can't figure out why I needed to see a number,
look up `weird error' in the index to The TeXbook.)

! Illegal unit of measure (pt inserted).
<to be read again> 
                   \let 
l.20 ...of ebpf, xshift=-2cm] (net) {Networking\\(
                                                  Cilium)};
Dimensions can be in units of em, ex, in, pt, pc,
cm, mm, dd, cc, nd, nc, bp, or sp; but yours is a new one!
I'll assume that you meant to say pt, for printer's points.
To recover gracefully from this error, it's best to
delete the erroneous units; e.g., type `2' to delete
two letters. (See Chapter 27 of The TeXbook.)

Missing character: There is no ( in font nullfont!
Missing character: There is no C in font nullfont!
Missing character: There is no i in font nullfont!
Missing character: There is no l in font nullfont!
Missing character: There is no i in font nullfont!
Missing character: There is no u in font nullfont!
Missing character: There is no m in font nullfont!
Missing character: There is no ) in font nullfont!
! Extra }, or forgotten \endgroup.
l.20 ... xshift=-2cm] (net) {Networking\\(Cilium)}
                                                  ;
I've deleted a group-closing symbol because it seems to be
spurious, as in `$x}$'. But perhaps the } is legitimate and
you forgot something else, as in `\hbox{$x}'. In such cases
the way to recover is to insert both the forgotten and the
deleted material, e.g., by typing `I$}'.

Missing character: There is no ; in font nullfont!

! LaTeX Error: Not allowed in LR mode.

See the LaTeX manual or LaTeX Companion for explanation.
Type  H <return>  for immediate help.
 ...                                              
                                                  
l.21 ...cm, right=0.3cm of net] (sec) {Security\\(
                                                  enforcement)};
You've lost some text.  Try typing  <return>  to proceed.
If that doesn't work, type  X <return>  to quit.

! Missing } inserted.
<inserted text> 
                }
l.21 ...cm, right=0.3cm of net] (sec) {Security\\(
                                                  enforcement)};
I've inserted something that you may have forgotten.
(See the <inserted text> above.)
With luck, this will get me unwedged. But if you
really didn't forget anything, try typing `2' now; then
my insertion and my current dilemma will both disappear.


! Package tikz Error: Giving up on this path. Did you forget a semicolon?.

See the tikz package documentation for explanation.
Type  H <return>  for immediate help.
 ...                                              
                                                  
l.21 ...cm, right=0.3cm of net] (sec) {Security\\(
                                                  enforcement)};
(That was another \errmessage.)

! Missing \endgroup inserted.
<inserted text> 
                \endgroup 
l.21 ...cm, right=0.3cm of net] (sec) {Security\\(
                                                  enforcement)};
I've inserted something that you may have forgotten.
(See the <inserted text> above.)
With luck, this will get me unwedged. But if you
really didn't forget anything, try typing `2' now; then
my insertion and my current dilemma will both disappear.

! Undefined control sequence.
<recently read> \tikz@expand@last@token@ 
                                         
l.21 ...cm, right=0.3cm of net] (sec) {Security\\(
                                                  enforcement)};
The control sequence at the end of the top line
of your error message was never \def'ed. If you have
misspelled it (e.g., `\hobx'), type `I' and the correct
spelling (e.g., `I\hbox'). Otherwise just continue,
and I'll forget about whatever was undefined.

! Missing number, treated as zero.
<to be read again> 
                   \let 
l.21 ...cm, right=0.3cm of net] (sec) {Security\\(
                                                  enforcement)};
A number should have been here; I inserted `0'.
(If you can't figure out why I needed to see a number,
look up `weird error' in the index to The TeXbook.)

! Illegal unit of measure (pt inserted).
<to be read again> 
                   \let 
l.21 ...cm, right=0.3cm of net] (sec) {Security\\(
                                                  enforcement)};
Dimensions can be in units of em, ex, in, pt, pc,
cm, mm, dd, cc, nd, nc, bp, or sp; but yours is a new one!
I'll assume that you meant to say pt, for printer's points.
To recover gracefully from this error, it's best to
delete the erroneous units; e.g., type `2' to delete
two letters. (See Chapter 27 of The TeXbook.)

Missing character: There is no ( in font nullfont!
Missing character: There is no e in font nullfont!
Missing character: There is no n in font nullfont!
Missing character: There is no f in font nullfont!
Missing character: There is no o in font nullfont!
Missing character: There is no r in font nullfont!
Missing character: There is no c in font nullfont!
Missing character: There is no e in font nullfont!
Missing character: There is no m in font nullfont!
Missing character: There is no e in font nullfont!
Missing character: There is no n in font nullfont!
Missing character: There is no t in font nullfont!
Missing character: There is no ) in font nullfont!
! Extra }, or forgotten \endgroup.
l.21 ...cm of net] (sec) {Security\\(enforcement)}
                                                  ;
I've deleted a group-closing symbol because it seems to be
spurious, as in `$x}$'. But perhaps the } is legitimate and
you forgot something else, as in `\hbox{$x}'. In such cases
the way to recover is to insert both the forgotten and the
deleted material, e.g., by typing `I$}'.

Missing character: There is no ; in font nullfont!

! LaTeX Error: Not allowed in LR mode.

See the LaTeX manual or LaTeX Companion for explanation.
Type  H <return>  for immediate help.
 ...                                              
                                                  
l.22 ...ight=0.3cm of sec] (obs) {Observability\\(
                                                  tracing)};
You've lost some text.  Try typing  <return>  to proceed.
If that doesn't work, type  X <return>  to quit.

! Missing } inserted.
<inserted text> 
                }
l.22 ...ight=0.3cm of sec] (obs) {Observability\\(
                                                  tracing)};
I've inserted something that you may have forgotten.
(See the <inserted text> above.)
With luck, this will get me unwedged. But if you
really didn't forget anything, try typing `2' now; then
my insertion and my current dilemma will both disappear.


! Package tikz Error: Giving up on this path. Did you forget a semicolon?.

See the tikz package documentation for explanation.
Type  H <return>  for immediate help.
 ...                                              
                                                  
l.22 ...ight=0.3cm of sec] (obs) {Observability\\(
                                                  tracing)};
(That was another \errmessage.)

! Missing \endgroup inserted.
<inserted text> 
                \endgroup 
l.22 ...ight=0.3cm of sec] (obs) {Observability\\(
                                                  tracing)};
I've inserted something that you may have forgotten.
(See the <inserted text> above.)
With luck, this will get me unwedged. But if you
really didn't forget anything, try typing `2' now; then
my insertion and my current dilemma will both disappear.

! Undefined control sequence.
<recently read> \tikz@expand@last@token@ 
                                         
l.22 ...ight=0.3cm of sec] (obs) {Observability\\(
                                                  tracing)};
The control sequence at the end of the top line
of your error message was never \def'ed. If you have
misspelled it (e.g., `\hobx'), type `I' and the correct
spelling (e.g., `I\hbox'). Otherwise just continue,
and I'll forget about whatever was undefined.

! Missing number, treated as zero.
<to be read again> 
                   \let 
l.22 ...ight=0.3cm of sec] (obs) {Observability\\(
                                                  tracing)};
A number should have been here; I inserted `0'.
(If you can't figure out why I needed to see a number,
look up `weird error' in the index to The TeXbook.)

! Illegal unit of measure (pt inserted).
<to be read again> 
                   \let 
l.22 ...ight=0.3cm of sec] (obs) {Observability\\(
                                                  tracing)};
Dimensions can be in units of em, ex, in, pt, pc,
cm, mm, dd, cc, nd, nc, bp, or sp; but yours is a new one!
I'll assume that you meant to say pt, for printer's points.
To recover gracefully from this error, it's best to
delete the erroneous units; e.g., type `2' to delete
two letters. (See Chapter 27 of The TeXbook.)

Missing character: There is no ( in font nullfont!
Missing character: There is no t in font nullfont!
Missing character: There is no r in font nullfont!
Missing character: There is no a in font nullfont!
Missing character: There is no c in font nullfont!
Missing character: There is no i in font nullfont!
Missing character: There is no n in font nullfont!
Missing character: There is no g in font nullfont!
Missing character: There is no ) in font nullfont!
! Extra }, or forgotten \endgroup.
l.22 ...m of sec] (obs) {Observability\\(tracing)}
                                                  ;
I've deleted a group-closing symbol because it seems to be
spurious, as in `$x}$'. But perhaps the } is legitimate and
you forgot something else, as in `\hbox{$x}'. In such cases
the way to recover is to insert both the forgotten and the
deleted material, e.g., by typing `I$}'.

Missing character: There is no ; in font nullfont!
! Missing } inserted.
<inserted text> 
                }
l.34 \end{tikzpicture}
                      
I've inserted something that you may have forgotten.
(See the <inserted text> above.)
With luck, this will get me unwedged. But if you
really didn't forget anything, try typing `2' now; then
my insertion and my current dilemma will both disappear.

! Undefined control sequence.
\pgfsys@call@end ->\pgfsys@end@save 
                                    \pgfsys@endscope 
l.34 \end{tikzpicture}
                      
The control sequence at the end of the top line
of your error message was never \def'ed. If you have
misspelled it (e.g., `\hobx'), type `I' and the correct
spelling (e.g., `I\hbox'). Otherwise just continue,
and I'll forget about whatever was undefined.

! Missing } inserted.
<inserted text> 
                }
l.34 \end{tikzpicture}
                      
I've inserted something that you may have forgotten.
(See the <inserted text> above.)
With luck, this will get me unwedged. But if you
really didn't forget anything, try typing `2' now; then
my insertion and my current dilemma will both disappear.

! Undefined control sequence.
\endpgfscope ...pgflinewidth =\pgfscope@linewidth 
                                                  \global \let \pgf@strokeco...
l.34 \end{tikzpicture}
                      
The control sequence at the end of the top line
of your error message was never \def'ed. If you have
misspelled it (e.g., `\hobx'), type `I' and the correct
spelling (e.g., `I\hbox'). Otherwise just continue,
and I'll forget about whatever was undefined.

! Missing number, treated as zero.
<to be read again> 
                   \global 
l.34 \end{tikzpicture}
                      
A number should have been here; I inserted `0'.
(If you can't figure out why I needed to see a number,
look up `weird error' in the index to The TeXbook.)

! Illegal unit of measure (pt inserted).
<to be read again> 
                   \global 
l.34 \end{tikzpicture}
                      
Dimensions can be in units of em, ex, in, pt, pc,
cm, mm, dd, cc, nd, nc, bp, or sp; but yours is a new one!
I'll assume that you meant to say pt, for printer's points.
To recover gracefully from this error, it's best to
delete the erroneous units; e.g., type `2' to delete
two letters. (See Chapter 27 of The TeXbook.)

! Extra }, or forgotten \endgroup.
\endpgfpicture ...globally \endgroup \hss \egroup 
                                                  \pgf@restore@layerlist@fro...
l.34 \end{tikzpicture}
                      
I've deleted a group-closing symbol because it seems to be
spurious, as in `$x}$'. But perhaps the } is legitimate and
you forgot something else, as in `\hbox{$x}'. In such cases
the way to recover is to insert both the forgotten and the
deleted material, e.g., by typing `I$}'.

! Missing } inserted.
<inserted text> 
                }
l.34 \end{tikzpicture}
                      
I've inserted something that you may have forgotten.
(See the <inserted text> above.)
With luck, this will get me unwedged. But if you
really didn't forget anything, try typing `2' now; then
my insertion and my current dilemma will both disappear.

! Infinite glue shrinkage found in a paragraph.
<argument> ...hskip:D \c_zero_dim \fi: \tex_par:D 
                                                  \hook_use:n {para/after}\@...
l.34 \end{tikzpicture}
                      
The paragraph just ended includes some glue that has
infinite shrinkability, e.g., `\hskip 0pt minus 1fil'.
Such glue doesn't belong there---it allows a paragraph
of any length to fit on one line. But it's safe to proceed,
since the offensive shrinkability has been made finite.

! Missing } inserted.
<inserted text> 
                }
l.34 \end{tikzpicture}
                      
I've inserted something that you may have forgotten.
(See the <inserted text> above.)
With luck, this will get me unwedged. But if you
really didn't forget anything, try typing `2' now; then
my insertion and my current dilemma will both disappear.

! Too many }'s.
\endpgfpicture ...dpicture \endgroup \hss \egroup 
                                                  \pgfsys@typesetpicturebox ...
l.34 \end{tikzpicture}
                      
You've closed more groups than you opened.
Such booboos are generally harmless, so keep going.

! Extra \endgroup.
\endpgfpicture ...setpicturebox \pgfpic \endgroup 
                                                  
l.34 \end{tikzpicture}
                      
Things are pretty mixed up, but I think the worst is over.

! Extra \endgroup.
\endtikzpicture ...lobal \endpgfpicture \endgroup 
                                                  
l.34 \end{tikzpicture}
                      
Things are pretty mixed up, but I think the worst is over.


! LaTeX Error: \begin{document} ended by \end{tikzpicture}.

See the LaTeX manual or LaTeX Companion for explanation.
Type  H <return>  for immediate help.
 ...                                              
                                                  
l.34 \end{tikzpicture}
                      
Your command was ignored.
Type  I <command> <return>  to replace it with another command,
or  <return>  to continue without it.

! Extra \endgroup.
\end  ...end#1\endcsname \@checkend {#1}\endgroup 
                                                  \UseHook {env/#1/after}\if...
l.34 \end{tikzpicture}
                      
Things are pretty mixed up, but I think the worst is over.

)

! LaTeX Error: \caption outside float.

See the LaTeX manual or LaTeX Companion for explanation.
Type  H <return>  for immediate help.
 ...                                              
                                                  
l.68 \caption
             {The future Kubernetes stack. The control plane manages both tr...
You're in trouble here.  Try typing  <return>  to proceed.
If that doesn't work, type  X <return>  to quit.

! Infinite glue shrinkage found in a paragraph.
<argument> ...hskip:D \c_zero_dim \fi: \tex_par:D 
                                                  \hook_use:n {para/after}\@...
l.70 \end{figure}
                 
The paragraph just ended includes some glue that has
infinite shrinkability, e.g., `\hskip 0pt minus 1fil'.
Such glue doesn't belong there---it allows a paragraph
of any length to fit on one line. But it's safe to proceed,
since the offensive shrinkability has been made finite.


Package fancyhdr Warning: \headheight is too small (12.0pt): 
(fancyhdr)                Make it at least 13.59999pt, for example:
(fancyhdr)                \setlength{\headheight}{13.59999pt}.
(fancyhdr)                You might also make \topmargin smaller:
(fancyhdr)                \addtolength{\topmargin}{-1.59999pt}.

[31]
! Too many }'s.
\@endfloatbox ...pagefalse \outer@nobreak \egroup 
                                                  \color@endbox 
l.70 \end{figure}
                 
You've closed more groups than you opened.
Such booboos are generally harmless, so keep going.

! Extra \endgroup.
\color@endgroup ->\endgraf \@endpefalse \endgroup 
                                                  
l.70 \end{figure}
                 
Things are pretty mixed up, but I think the worst is over.

! Too many }'s.
\color@endbox ->\color@endgroup \egroup 
                                        
l.70 \end{figure}
                 
You've closed more groups than you opened.
Such booboos are generally harmless, so keep going.


! LaTeX Error: \begin{document} ended by \end{figure}.

See the LaTeX manual or LaTeX Companion for explanation.
Type  H <return>  for immediate help.
 ...                                              
                                                  
l.70 \end{figure}
                 
Your command was ignored.
Type  I <command> <return>  to replace it with another command,
or  <return>  to continue without it.

! Extra \endgroup.
\end  ...end#1\endcsname \@checkend {#1}\endgroup 
                                                  \UseHook {env/#1/after}\if...
l.70 \end{figure}
                 
Things are pretty mixed up, but I think the worst is over.

)

Package fancyhdr Warning: \headheight is too small (12.0pt): 
(fancyhdr)                Make it at least 13.59999pt, for example:
(fancyhdr)                \setlength{\headheight}{13.59999pt}.
(fancyhdr)                You might also make \topmargin smaller:
(fancyhdr)                \addtolength{\topmargin}{-1.59999pt}.

[32]

LaTeX Warning: Empty bibliography on input line 21.

(./main.aux)
 ***********
LaTeX2e <2025-11-01>
L3 programming layer <2026-01-19>
 ***********


LaTeX Warning: There were undefined references.


LaTeX Warning: Label(s) may have changed. Rerun to get cross-references right.


Package biblatex Warning: Please (re)run Biber on the file:
(biblatex)                main
(biblatex)                and rerun LaTeX afterwards.

Package logreq Info: Writing requests to 'main.run.xml'.
\openout1 = `main.run.xml'.

 ) 
Here is how much of TeX's memory you used:
 44092 strings out of 469514
 984938 string characters out of 5469022
 1894286 words of memory out of 5000000
 71891 multiletter control sequences out of 15000+600000
 709158 words of font info for 94 fonts, out of 8000000 for 9000
 14 hyphenation exceptions out of 8191
 89i,12n,97p,877b,2390s stack positions out of 10000i,1000n,20000p,200000b,200000s
</Users/alnourkhalifa/Library/TinyTeX/texmf-dist/fonts/type1/public/lm/lmbx10.pfb></Users/alnourkhalifa/Library/TinyTeX/texmf-dist/fonts/type1/public/lm/lmbx12.pfb></Users/alnourkhalifa/Library/TinyTeX/texmf-dist/fonts/type1/public/lm/lmbx8.pfb></Users/alnourkhalifa/Library/TinyTeX/texmf-dist/fonts/type1/public/lm/lmmi10.pfb></Users/alnourkhalifa/Library/TinyTeX/texmf-dist/fonts/type1/public/lm/lmr10.pfb></Users/alnourkhalifa/Library/TinyTeX/texmf-dist/fonts/type1/public/lm/lmr12.pfb></Users/alnourkhalifa/Library/TinyTeX/texmf-dist/fonts/type1/public/lm/lmr6.pfb></Users/alnourkhalifa/Library/TinyTeX/texmf-dist/fonts/type1/public/lm/lmr8.pfb></Users/alnourkhalifa/Library/TinyTeX/texmf-dist/fonts/type1/public/lm/lmri10.pfb></Users/alnourkhalifa/Library/TinyTeX/texmf-dist/fonts/type1/public/lm/lmsy10.pfb></Users/alnourkhalifa/Library/TinyTeX/texmf-dist/fonts/type1/public/lm/lmtt10.pfb></Users/alnourkhalifa/Library/TinyTeX/texmf-dist/fonts/type1/public/lm/lmtt8.pfb></Users/alnourkhalifa/Library/TinyTeX/texmf-dist/fonts/type1/public/amsfonts/symbols/msam10.pfb>
Output written on main.pdf (36 pages, 426882 bytes).
PDF statistics:
 467 PDF objects out of 1000 (max. 8388607)
 397 compressed objects within 4 object streams
 136 named destinations out of 1000 (max. 500000)
 277 words of extra memory for PDF output out of 10000 (max. 10000000)

